BASE_CCY_AMT,FNCT_CCY_AMT,TXN_CCY_AMT,IB_FLAG_O,IB_FLAG,TXN_CCY_O,TXN_CCY,OPER_DPST_FLAG_O,OPER_DPST_FLAG,LV_DMC_CTRY_O,LV_DMC_CTRY,FRS_ACCOUNT_CLASS_O,FRS_ACCOUNT_CLASS,ACCT_TYP_O,ACCT_TYP,ACTG_UNIT_NM_O,ACTG_UNIT_NM,ROW_SRC_IND_O,ROW_SRC_IND,REC_TYP_O,REC_TYP,ARRG_MAT_TYP_CD_O,ARRG_MAT_TYP_CD,BASE_CCY_AMT_TYPE,FNCT_CCY_AMT_TYPE,TXN_CCY_AMT_TYPE,Anomaly_Found_100,Calculated_Anomaly
-33146.28177,-2306739.76,-2306739.76,Y,1,RUB,24,N,0,RU,29,MULTIPROD,2,S,3,Treasury Trn Px PL - Funding Exp,25,C    ,1,T,3,FIXED,1,Positive,Positive,Positive,0,0
0,0,0,Y,1,RUB,24,N,0,RU,29,MULTIPROD,2,S,3,MTD Avg Principal Balance CR,14,C    ,1,T,3,FIXED,1,Positive,Positive,Positive,0,0
-4023409.6,-280000000,-280000000,Y,1,RUB,24,N,0,RU,29,MULTIPROD,2,S,3,MTD Avg Principal Balance DB,15,C    ,1,T,3,FIXED,1,Positive,Positive,Positive,0,0
0,0,0,N,0,THB,27,N,0,TH,31,MULTIPROD,2,S,3,Account Sum of CR Transactions,0,C    ,1,A,0,EVRGRN,0,Positive,Positive,Zero,0,0
0,0,0,N,0,THB,27,N,0,TH,31,MULTIPROD,2,S,3,Account Sum of DB Transactions,1,C    ,1,A,0,EVRGRN,0,Positive,Positive,Zero,0,0
0,0,0,Y,1,AUD,0,N,0,AU,0,MULTIPROD,2,S,3,Treasury Trn Px PL - Funding Exp,25,C    ,1,T,3,EVRGRN,0,Positive,Positive,Positive,0,0
-92.22831,-1382526,-84.86,Y,1,EUR,10,N,0,ID,14,MULTIPROD,2,S,3,Account Sum of DB Transactions,1,C    ,1,A,0,EVRGRN,0,Positive,Positive,Zero,0,0
105555000,150000000,150000000,Y,1,AUD,0,N,0,AU,0,MULTIPROD,2,S,3,Original Principal,17,C    ,1,T,3,EVRGRN,0,Positive,Positive,Positive,0,0
5052696.114,7180184.9,7180184.9,Y,1,AUD,0,N,0,AU,0,MULTIPROD,2,S,3,Since Inception-Interest Accrue,21,C    ,1,T,3,EVRGRN,0,Positive,Positive,Positive,0,0
0,0,0,Y,1,AUD,0,N,0,AU,0,MULTIPROD,2,S,3,Overdue Penalty Interest,18,C    ,1,T,3,EVRGRN,0,Positive,Positive,Positive,0,0
-7839.57935,-117517304,0,Y,1,EUR,10,N,0,ID,14,MULTIPROD,2,S,3,Account Sum of CR Transactions,0,C    ,1,A,0,EVRGRN,0,Positive,Positive,Zero,0,0
0,0,0,Y,1,AUD,0,N,0,AU,0,MULTIPROD,2,S,3,Scheduled Principal Balance Amt,20,C    ,1,T,3,EVRGRN,0,Positive,Positive,Positive,0,0
0,0,0,Y,1,AUD,0,N,0,AU,0,MULTIPROD,2,S,3,CE - Unpaid Principal Bal Amt,4,C    ,1,T,3,EVRGRN,0,Positive,Positive,Positive,0,0
0,0,0,Y,1,AUD,0,N,0,AU,0,MULTIPROD,2,S,3,Interest IENC-Not Due,10,C    ,1,T,3,EVRGRN,0,Positive,Positive,Positive,0,0
0,0,0,Y,1,AUD,0,N,0,AU,0,MULTIPROD,2,S,3,Interest IENC-Due,9,C    ,1,T,3,EVRGRN,0,Positive,Positive,Positive,0,0
1557.04,1557.04,1557.04,N,0,USD,30,N,0,US,35,CASH,0,A,0,Principal Balance,19,C    ,1,S,2,EVRGRN,0,Positive,Positive,Positive,0,0
-14902.94,-14902.94,-14902.94,N,0,USD,30,N,0,LU,23,CASH,0,A,0,Principal Balance,19,C    ,1,S,2,EVRGRN,0,Positive,Positive,Positive,0,0
-2829094.67,-2829094.67,-2829094.67,N,0,USD,30,N,0,US,35,CASH,0,A,0,Principal Balance,19,C    ,1,S,2,EVRGRN,0,Positive,Positive,Positive,0,0
18907.713,283426617.8,17482.86,Y,1,EUR,10,N,0,ID,14,CASH,0,A,0,Principal Balance,19,PPSL ,3,T,3,EVRGRN,0,Positive,Positive,Positive,0,0
1566489.734,23481681112,1448441.74,Y,1,EUR,10,N,0,ID,14,CASH,0,A,0,Principal Balance,19,PPSL ,3,T,3,EVRGRN,0,Positive,Positive,Positive,0,0
-671739.681,-22024362.51,-22024362.51,N,0,THB,27,N,0,TH,31,CASH,0,A,0,Principal Balance,19,PPSL ,3,T,3,EVRGRN,0,Positive,Positive,Positive,0,0
581.951,19080.461,19080.461,N,0,THB,27,N,0,TH,31,CASH,0,A,0,Principal Balance,19,PPSL ,3,T,3,EVRGRN,0,Positive,Positive,Positive,0,0
671310.229,22010282.05,22010282.05,N,0,THB,27,N,0,TH,31,CASH,0,A,0,Principal Balance,19,PPSL ,3,T,3,EVRGRN,0,Positive,Positive,Positive,0,0
-152.499,-5000,-5000,N,0,THB,27,N,0,TH,31,CASH,0,A,0,Principal Balance,19,ADJSL,0,T,3,EVRGRN,0,Zero,Positive,Positive,0,0
-56841.29,-56841.29,-56841.29,N,0,USD,30,N,0,DE,8,CASH,0,A,0,Principal Balance,19,C    ,1,S,2,EVRGRN,0,Positive,Positive,Positive,0,0
0,0,0,Y,1,USD,30,N,0,GB,12,CASH,0,S,3,Commitments and Contingencies,6,PPSL ,3,T,3,FIXED,1,Positive,Positive,Positive,0,0
0,0,0,N,0,BRL,1,N,0,GB,12,OVDFT-LIAB,3,L,1,Inventory Position Amount,12,PPSL ,3,T,3,EVRGRN,0,Positive,Positive,Positive,0,0
0,0,0,N,0,CNY,5,Y,1,GB,12,OVDFT-LIAB,3,L,1,Inventory Position Amount,12,PPSL ,3,T,3,EVRGRN,0,Positive,Positive,Positive,1,1
0,0,0,N,0,CNY,5,Y,1,GB,12,CASH,0,A,0,Principal Balance,19,PPSL ,3,T,3,EVRGRN,0,Positive,Positive,Positive,0,0
22932625.91,18627752.34,154954606.7,N,0,CNY,5,Y,1,GB,12,CASH,0,A,0,Principal Balance,19,PPSL ,3,T,3,EVRGRN,0,Positive,Positive,Positive,0,0
0,0,0,Y,1,USD,30,N,0,US,35,CASH,0,A,0,Principal Balance,19,PPSL ,3,T,3,FIXED,1,Positive,Positive,Positive,0,0
0,0,0,Y,1,USD,30,N,0,US,35,MULTI-LNS2,1,A,0,Accrued Interest Amount,3,PPSL ,3,T,3,FIXED,1,Positive,Positive,Positive,0,0
-2656.06,-2656.06,-2656.06,Y,1,USD,30,N,0,US,35,CASH,0,R,2,Interest Income P&L,11,PPSL ,3,T,3,FIXED,1,Positive,Positive,Positive,0,0
168522.98,168522.98,168522.98,Y,1,USD,30,N,0,US,35,CASH,0,A,0,Principal Balance,19,PPSL ,3,T,3,FIXED,1,Positive,Positive,Positive,0,0
281397.6,281397.6,281397.6,Y,1,USD,30,N,0,US,35,CASH,0,A,0,Principal Balance,19,PPSL ,3,T,3,FIXED,1,Positive,Positive,Positive,0,0
-638.28,-638.28,-638.28,Y,1,USD,30,N,0,US,35,CASH,0,R,2,Interest Income P&L,11,PPSL ,3,T,3,FIXED,1,Positive,Positive,Positive,0,0
-1081.67,-1081.67,-1081.67,Y,1,USD,30,N,0,US,35,CASH,0,R,2,Interest Income P&L,11,PPSL ,3,T,3,FIXED,1,Positive,Positive,Positive,0,0
-1613.69,-1613.69,-1480.11,Y,1,EUR,10,N,0,JE,17,MULTIPROD,2,R,2,Transfer Pricing P&L,24,PPSL ,3,T,3,FIXED,1,Positive,Positive,Positive,0,0
0,0,0,Y,1,EUR,10,N,0,JE,17,CASH,0,S,3,Commitments and Contingencies,6,PPSL ,3,T,3,FIXED,1,Positive,Positive,Positive,0,0
-697.039,-570.08,-570.08,Y,1,GBP,11,N,0,GB,12,CASH,0,R,2,Interest Income P&L,11,PPSL ,3,T,3,FIXED,1,Positive,Positive,Positive,0,0
-205.636,-168.18,-168.18,Y,1,GBP,11,N,0,GB,12,CASH,0,R,2,Interest Income P&L,11,PPSL ,3,T,3,FIXED,1,Positive,Positive,Positive,0,0
4482.62,3641.15,3641.15,Y,1,GBP,11,N,0,GB,12,MULTI-LNS2,1,A,0,Accrued Interest Amount,3,PPSL ,3,T,3,FIXED,1,Positive,Positive,Positive,0,0
2330.891,1893.34,1893.34,Y,1,GBP,11,N,0,GB,12,MULTI-LNS2,1,A,0,Accrued Interest Amount,3,PPSL ,3,T,3,FIXED,1,Positive,Positive,Positive,0,0
-426.104,-344.87,-426.1,Y,1,USD,30,N,0,GB,12,CASH,0,R,2,Interest Income P&L,11,PPSL ,3,T,3,FIXED,1,Positive,Positive,Positive,0,0
0,0,0,Y,1,USD,30,N,0,GB,12,MULTIPROD,2,S,3,Letter of Credit-Issued,13,PPSL ,3,T,3,FIXED,1,Positive,Positive,Positive,0,0
0,0,0,Y,1,USD,30,N,0,GB,12,MULTIPROD,2,S,3,Trans Notional Recvable (FS),23,PPSL ,3,T,3,FIXED,1,Positive,Positive,Positive,1,1
0,0,0,Y,1,USD,30,N,0,GB,12,MULTI-LNS2,1,A,0,Accrued Interest Amount,3,PPSL ,3,T,3,FIXED,1,Positive,Positive,Positive,0,0
0,0,0,Y,1,PLN,22,N,0,NL,25,CASH,0,S,3,Commitments and Contingencies,6,PPSL ,3,T,3,FIXED,1,Positive,Positive,Positive,0,0
-36058.063,-33308.45,-156233.28,Y,1,PLN,22,N,0,NL,25,CASH,0,R,2,Interest Income P&L,11,PPSL ,3,T,3,FIXED,1,Positive,Positive,Positive,0,0
0,0,0,Y,1,PLN,22,N,0,NL,25,MULTI-LNS2,1,A,0,Accrued Interest Amount,3,PPSL ,3,T,3,FIXED,1,Positive,Positive,Positive,0,0
0,0,0,Y,1,PLN,22,N,0,NL,25,CASH,0,A,0,Principal Balance,19,PPSL ,3,T,3,FIXED,1,Positive,Positive,Positive,0,0
-3259.39362,-106865.89,-106865.89,N,0,THB,27,N,0,TH,31,MULTIPROD,2,S,3,Account Sum of CR Transactions,0,C    ,1,A,0,EVRGRN,0,Positive,Positive,Zero,0,0
-1885.4501,-61818.34,-61818.34,N,0,THB,27,N,0,TH,31,MULTIPROD,2,S,3,Account Sum of DB Transactions,1,C    ,1,A,0,EVRGRN,0,Positive,Positive,Zero,0,0
3057041.32,3057041.32,3057041.32,N,0,USD,30,N,0,SG,30,CASH,0,A,0,Principal Balance,19,C    ,1,S,2,EVRGRN,0,Positive,Positive,Positive,0,0
-1786.191,-1664.98,-1648.65,Y,1,CHF,3,N,0,LU,23,CASH,0,R,2,Interest Income P&L,11,PPSL ,3,T,3,FIXED,1,Positive,Positive,Positive,0,0
0,0,0,Y,1,CHF,3,N,0,LU,23,CASH,0,S,3,Commitments and Contingencies,6,PPSL ,3,T,3,FIXED,1,Positive,Positive,Positive,0,0
0,0,0,Y,1,CHF,3,N,0,LU,23,CASH,0,A,0,Principal Balance,19,PPSL ,3,T,3,FIXED,1,Positive,Positive,Positive,0,0
0,0,0,Y,1,CHF,3,N,0,LU,23,MULTI-LNS2,1,A,0,Accrued Interest Amount,3,PPSL ,3,T,3,FIXED,1,Positive,Positive,Positive,0,0
4023410.501,280000000,280000000,Y,1,RUB,24,N,0,RU,29,CASH,0,A,0,Principal Balance,19,PPSL ,3,T,3,FIXED,1,Positive,Positive,Positive,0,0
113581.43,7904438.36,7904438.36,Y,1,RUB,24,N,0,RU,29,MULTI-LNS2,1,A,0,Accrued Interest Amount,3,PPSL ,3,T,3,FIXED,1,Positive,Positive,Positive,0,0
-38272.003,-2663452.06,-2663452.06,Y,1,RUB,24,N,0,RU,29,CASH,0,R,2,Interest Income P&L,11,PPSL ,3,T,3,FIXED,1,Positive,Positive,Positive,0,0
0,0,0,Y,1,RUB,24,N,0,RU,29,MULTI-LNS2,1,A,0,Accrued Interest Amount,3,PPSL ,3,T,3,FIXED,1,Positive,Positive,Positive,0,0
424025.83,424025.83,424025.83,Y,1,USD,30,N,0,US,35,CASH,0,A,0,Principal Balance,19,C    ,1,S,2,EVRGRN,0,Positive,Positive,Positive,0,0
7477440.14,7477440.14,7477440.14,Y,1,USD,30,N,0,US,35,CASH,0,A,0,Principal Balance,19,C    ,1,S,2,EVRGRN,0,Positive,Positive,Positive,0,0
-67687.8,-67687.8,-67687.8,Y,1,USD,30,N,0,GB,12,CASH,0,A,0,Principal Balance,19,C    ,1,S,2,EVRGRN,0,Positive,Positive,Positive,0,0
-91063.37,-91063.37,-91063.37,Y,1,USD,30,N,0,DE,8,CASH,0,A,0,Principal Balance,19,C    ,1,S,2,EVRGRN,0,Positive,Positive,Positive,0,0
49780.609,40435.878,49780.61,N,0,USD,30,N,0,GB,12,CASH,0,S,3,Commitments and Contingencies,6,PPSL ,3,T,3,FIXED,1,Positive,Positive,Positive,0,0
5046.875,4099.484,4647,Y,1,EUR,10,N,0,GB,12,CASH,0,A,0,Principal Balance,19,PPSL ,3,T,3,FIXED,1,Positive,Positive,Positive,0,0
0,0,0,Y,1,GBP,11,N,0,GB,12,CASH,0,A,0,Principal Balance,19,PPSL ,3,T,3,FIXED,1,Positive,Positive,Positive,0,0
-160.853,-130.66,-130.66,Y,1,GBP,11,N,0,GB,12,CASH,0,R,2,Interest Income P&L,11,PPSL ,3,T,3,FIXED,1,Positive,Positive,Positive,0,0
0.043,0.035,0.04,Y,1,EUR,10,N,0,GB,12,MULTI-LNS2,1,A,0,Accrued Interest Amount,3,PPSL ,3,T,3,FIXED,1,Positive,Positive,Positive,0,0
0,0,0,Y,1,GBP,11,N,0,GB,12,MULTI-LNS2,1,A,0,Accrued Interest Amount,3,PPSL ,3,T,3,FIXED,1,Positive,Positive,Positive,0,0
1119436.84,1119436.84,1119436.84,Y,1,USD,30,N,0,US,35,CASH,0,A,0,Principal Balance,19,PPSL ,3,T,3,FIXED,1,Positive,Positive,Positive,0,0
845.73,845.73,845.73,Y,1,USD,30,N,0,US,35,MULTI-LNS2,1,A,0,Accrued Interest Amount,3,PPSL ,3,T,3,FIXED,1,Positive,Positive,Positive,0,0
-845.73,-845.73,-845.73,Y,1,USD,30,N,0,US,35,CASH,0,R,2,Interest Income P&L,11,PPSL ,3,T,3,FIXED,1,Positive,Positive,Positive,0,0
12.373,10.12,11.46,Y,1,EUR,10,N,0,GB,12,CASH,0,R,2,Interest Income P&L,11,PPSL ,3,T,3,FIXED,1,Positive,Positive,Positive,0,0
-3.046,-2.47,-2.83,Y,1,EUR,10,N,0,GB,12,CASH,0,R,2,Interest Income P&L,11,PPSL ,3,T,3,FIXED,1,Positive,Positive,Positive,0,0
3.074,2.497,2.83,Y,1,EUR,10,N,0,GB,12,MULTI-LNS2,1,A,0,Accrued Interest Amount,3,PPSL ,3,T,3,FIXED,1,Positive,Positive,Positive,0,0
-165.449,-134.391,-152.34,Y,1,EUR,10,N,0,GB,12,MULTI-LNS2,1,A,0,Accrued Interest Amount,3,PPSL ,3,T,3,FIXED,1,Positive,Positive,Positive,0,0
0,0,0,Y,1,EUR,10,N,0,GB,12,MULTIPROD,2,S,3,Letter of Credit-Issued,13,PPSL ,3,T,3,FIXED,1,Positive,Positive,Positive,0,0
0,0,0,Y,1,EUR,10,N,0,GB,12,MULTIPROD,2,S,3,Trans Notional Recvable (FS),23,PPSL ,3,T,3,FIXED,1,Positive,Positive,Positive,0,0
407.77,376.415,4271.56,N,0,SEK,25,Y,1,LU,23,CASH,0,A,0,Principal Balance,19,PPSL ,3,T,3,EVRGRN,0,Positive,Positive,Positive,0,0
-72738.494,-72738.494,-1593944.15,Y,1,CZK,7,N,0,GB,12,CASH,0,A,0,Principal Balance,19,C    ,1,G,1,EVRGRN,0,Positive,Positive,Positive,0,0
145839433.3,145839433.3,145839433.3,N,0,USD,30,N,0,US,35,CASH,0,A,0,Principal Balance,19,C    ,1,G,1,EVRGRN,0,Positive,Positive,Positive,0,0
555690065.2,555690065.2,555690065.2,N,0,USD,30,N,0,US,35,CASH,0,A,0,Principal Balance,19,C    ,1,G,1,EVRGRN,0,Positive,Positive,Positive,0,0
-55725541.5,-55725541.5,-55725541.5,N,0,USD,30,N,0,US,35,CASH,0,A,0,Principal Balance,19,C    ,1,G,1,EVRGRN,0,Positive,Positive,Positive,0,0
-391300518.1,-391300518.1,-391300518.1,N,0,USD,30,N,0,US,35,CASH,0,A,0,Principal Balance,19,C    ,1,G,1,EVRGRN,0,Positive,Positive,Positive,0,0
-823872429.4,-823872429.4,-823872429.4,N,0,USD,30,N,0,US,35,CASH,0,A,0,Principal Balance,19,C    ,1,G,1,EVRGRN,0,Positive,Positive,Positive,0,0
391300518.1,391300518.1,391300518.1,N,0,USD,30,N,0,US,35,CASH,0,A,0,Principal Balance,19,C    ,1,G,1,EVRGRN,0,Positive,Positive,Positive,0,0
30987257.2,30987257.2,30987257.2,Y,1,USD,30,N,0,US,35,CASH,0,A,0,Principal Balance,19,C    ,1,G,1,EVRGRN,0,Positive,Positive,Positive,0,0
-1164285.89,-1164285.89,-1164285.89,Y,1,USD,30,N,0,US,35,CASH,0,A,0,Principal Balance,19,C    ,1,G,1,EVRGRN,0,Positive,Positive,Positive,0,0
-39792,-39792,-39792,N,0,USD,30,N,0,US,35,CASH,0,A,0,Principal Balance,19,C    ,1,G,1,EVRGRN,0,Positive,Positive,Positive,0,0
255.73,255.73,255.73,N,0,USD,30,N,0,US,35,CASH,0,A,0,Principal Balance,19,C    ,1,G,1,EVRGRN,0,Positive,Positive,Positive,0,0
-456460482.8,-456460482.8,-456460482.8,N,0,USD,30,N,0,US,35,CASH,0,A,0,Principal Balance,19,C    ,1,G,1,EVRGRN,0,Positive,Positive,Positive,0,0
-38541515.45,-38541515.45,-38541515.45,N,0,USD,30,N,0,US,35,CASH,0,A,0,Principal Balance,19,C    ,1,G,1,EVRGRN,0,Positive,Positive,Positive,0,0
-1.8,-1.8,-1.8,N,0,USD,30,N,0,US,35,CASH,0,A,0,Principal Balance,19,C    ,1,G,1,EVRGRN,0,Positive,Positive,Positive,0,0
23372620,23372620,23372620,N,0,USD,30,N,0,US,35,CASH,0,A,0,Principal Balance,19,C    ,1,G,1,EVRGRN,0,Positive,Positive,Positive,0,0
73909.438,1392380,1392380,N,0,MXN,17,N,0,MX,24,CASH,0,A,0,Principal Balance,19,C    ,1,G,1,EVRGRN,0,Positive,Positive,Positive,0,0
69817.04,69817.04,69817.04,N,0,USD,30,N,0,HK,13,CASH,0,A,0,Principal Balance,19,C    ,1,S,2,EVRGRN,0,Positive,Positive,Positive,0,0
-462049411.6,-462049411.6,-462049411.6,Y,1,USD,30,N,0,US,35,CASH,0,A,0,Principal Balance,19,C    ,1,S,2,EVRGRN,0,Positive,Positive,Positive,0,0
612109.79,612109.79,612109.79,N,0,USD,30,N,0,CA,4,CASH,0,A,0,Principal Balance,19,C    ,1,S,2,EVRGRN,0,Positive,Positive,Positive,0,0
3508.71,3508.71,3508.71,N,0,USD,30,N,0,GB,12,CASH,0,A,0,Principal Balance,19,C    ,1,S,2,EVRGRN,0,Positive,Positive,Positive,0,0
367920,367920,367920,N,0,USD,30,N,0,US,35,CASH,0,A,0,Principal Balance,19,C    ,1,S,2,EVRGRN,0,Positive,Positive,Positive,0,0
0.76,0.76,0.76,Y,1,USD,30,N,0,SG,30,CASH,0,A,0,Principal Balance,19,C    ,1,S,2,EVRGRN,0,Positive,Positive,Positive,0,0
21512.54,21512.54,21512.54,N,0,USD,30,N,0,MX,24,CASH,0,A,0,Principal Balance,19,C    ,1,S,2,EVRGRN,0,Positive,Positive,Positive,0,0
65.716,53.38,60.58,Y,1,EUR,10,N,0,GB,12,CASH,0,R,2,Interest Income P&L,11,PPSL ,3,T,3,FIXED,1,Positive,Positive,Positive,0,0
-1326.403,-1077.413,-1221.31,Y,1,EUR,10,N,0,GB,12,MULTI-LNS2,1,A,0,Accrued Interest Amount,3,PPSL ,3,T,3,FIXED,1,Positive,Positive,Positive,0,0
-840.418,-682.656,-773.83,Y,1,EUR,10,N,0,GB,12,MULTI-LNS2,1,A,0,Accrued Interest Amount,3,PPSL ,3,T,3,FIXED,1,Positive,Positive,Positive,0,0
123293.825,100149.318,113525,Y,1,EUR,10,N,0,GB,12,CASH,0,A,0,Principal Balance,19,PPSL ,3,T,3,FIXED,1,Positive,Positive,Positive,0,0
0,0,0,N,0,ZMW,33,Y,1,GB,12,CASH,0,A,0,Principal Balance,19,PPSL ,3,T,3,EVRGRN,0,Positive,Positive,Positive,0,0
0,0,0,Y,1,USD,30,N,0,US,35,CASH,0,A,0,Principal Balance,19,PPSL ,3,T,3,FIXED,1,Positive,Positive,Positive,0,0
0,0,0,Y,1,USD,30,N,0,US,35,MULTI-LNS2,1,A,0,Accrued Interest Amount,3,PPSL ,3,T,3,FIXED,1,Positive,Positive,Positive,0,0
-3663.64,-3663.64,-3663.64,Y,1,USD,30,N,0,US,35,CASH,0,R,2,Interest Income P&L,11,PPSL ,3,T,3,FIXED,1,Positive,Positive,Positive,0,0
139728.76,139728.76,139728.76,Y,1,USD,30,N,0,US,35,CASH,0,A,0,Principal Balance,19,PPSL ,3,T,3,FIXED,1,Positive,Positive,Positive,0,0
786.59,786.59,786.59,Y,1,USD,30,N,0,US,35,MULTI-LNS2,1,A,0,Accrued Interest Amount,3,PPSL ,3,T,3,FIXED,1,Positive,Positive,Positive,0,0
-567.08,-567.08,-567.08,Y,1,USD,30,N,0,US,35,CASH,0,R,2,Interest Income P&L,11,PPSL ,3,T,3,FIXED,1,Positive,Positive,Positive,0,0
2530000,2530000,2530000,Y,1,USD,30,N,0,US,35,CASH,0,A,0,Principal Balance,19,PPSL ,3,T,3,FIXED,1,Positive,Positive,Positive,0,0
-4671.88,-4671.88,-4671.88,Y,1,USD,30,N,0,US,35,CASH,0,R,2,Interest Income P&L,11,PPSL ,3,T,3,FIXED,1,Positive,Positive,Positive,0,0
4671.88,4671.88,4671.88,Y,1,USD,30,N,0,US,35,MULTI-LNS2,1,A,0,Accrued Interest Amount,3,PPSL ,3,T,3,FIXED,1,Positive,Positive,Positive,0,0
0,0,0,Y,1,ZAR,32,N,0,TW,33,CASH,0,A,0,Principal Balance,19,PPSL ,3,T,3,FIXED,1,Positive,Positive,Positive,0,0
0,0,0,Y,1,ZAR,32,N,0,TW,33,MULTI-LNS2,1,A,0,Accrued Interest Amount,3,PPSL ,3,T,3,FIXED,1,Positive,Positive,Positive,0,0
-328.7,-328.7,-5609.98,Y,1,ZAR,32,N,0,TW,33,CASH,0,R,2,Interest Income P&L,11,PPSL ,3,T,3,FIXED,1,Positive,Positive,Positive,0,0
-6370805.93,-6370805.93,-6370805.93,N,0,USD,30,N,0,BS,3,CASH,0,A,0,Principal Balance,19,C    ,1,T,3,EVRGRN,0,Positive,Positive,Positive,0,0
-82.103,-75.79,-860.06,N,0,SEK,25,N,0,DE,8,CASH,0,A,0,Principal Balance,19,C    ,1,G,1,EVRGRN,0,Positive,Positive,Positive,0,0
-9251.8,-9251.8,-9251.8,N,0,USD,30,N,0,US,35,CASH,0,A,0,Principal Balance,19,C    ,1,G,1,EVRGRN,0,Positive,Positive,Positive,0,0
-442034603.9,-442034603.9,-442034603.9,N,0,USD,30,N,0,US,35,CASH,0,A,0,Principal Balance,19,C    ,1,G,1,EVRGRN,0,Positive,Positive,Positive,0,0
0,0,0,N,0,KRW,15,N,0,SG,30,MULTIPROD,2,S,3,Account Sum of DB Transactions,1,C    ,1,A,0,EVRGRN,0,Positive,Positive,Zero,0,0
0,0,0,N,0,KRW,15,N,0,SG,30,MULTIPROD,2,S,3,Account Sum of CR Transactions,0,C    ,1,A,0,EVRGRN,0,Positive,Positive,Zero,0,0
-278.28,-278.28,-278.28,N,0,USD,30,N,0,JO,18,CASH,0,A,0,Principal Balance,19,C    ,1,S,2,EVRGRN,0,Positive,Positive,Positive,0,0
-22408.16,-22408.16,-22408.16,N,0,USD,30,N,0,GB,12,CASH,0,A,0,Principal Balance,19,C    ,1,S,2,EVRGRN,0,Positive,Positive,Positive,0,0
549430.04,549430.04,549430.04,N,0,USD,30,N,0,BD,1,CASH,0,A,0,Principal Balance,19,C    ,1,S,2,EVRGRN,0,Positive,Positive,Positive,0,0
1471905.06,1471905.06,34519349570,Y,1,VND,31,N,0,GB,12,CASH,0,A,0,Principal Balance,19,C    ,1,T,3,EVRGRN,0,Positive,Positive,Positive,0,0
2515728.232,3311704.644,3099134976,N,0,KRW,15,N,0,SG,30,OVDFT-LIAB,3,L,1,Inventory Position Amount,12,PPSL ,3,T,3,EVRGRN,0,Positive,Positive,Positive,1,1
-2539718.516,-3343285.455,-3128688697,N,0,KRW,15,N,0,SG,30,CASH,0,A,0,Principal Balance,19,PPSL ,3,T,3,EVRGRN,0,Positive,Positive,Positive,0,0
2539718.516,3343285.455,3128688697,N,0,KRW,15,N,0,SG,30,CASH,0,A,0,Principal Balance,19,PPSL ,3,T,3,EVRGRN,0,Positive,Positive,Positive,0,0
-2515728.232,-3311704.644,-3099134976,N,0,KRW,15,N,0,SG,30,OVDFT-LIAB,3,L,1,Inventory Position Amount,12,PPSL ,3,T,3,EVRGRN,0,Positive,Positive,Positive,1,1
0,0,0,N,0,CLP,4,Y,1,GB,12,OVDFT-LIAB,3,L,1,Inventory Position Amount,12,PPSL ,3,T,3,EVRGRN,0,Positive,Positive,Positive,1,1
0,0,0,Y,1,USD,30,N,0,BG,2,MULTI-LNS2,1,A,0,Accrued Interest Amount,3,C    ,1,T,3,FIXED,1,Positive,Positive,Positive,0,0
-9566.67069,-17272.05,-9566.67,Y,1,USD,30,N,0,BG,2,CASH,0,R,2,Interest Income P&L,11,C    ,1,T,3,FIXED,1,Positive,Positive,Positive,0,0
0,0,0,Y,1,USD,30,N,0,BG,2,CASH,0,A,0,Principal Balance,19,C    ,1,T,3,FIXED,1,Positive,Positive,Positive,0,0
0,0,0,Y,1,USD,30,N,0,GB,12,MULTIPROD,2,S,3,GENESIS DEFAULT,8,C    ,1,T,3,EVRGRN,0,Positive,Positive,Positive,0,0
-170903.46,-170903.46,-170903.46,Y,1,USD,30,N,0,US,35,CASH,0,A,0,Principal Balance,19,C    ,1,S,2,EVRGRN,0,Positive,Positive,Positive,0,0
0,0,0,Y,1,USD,30,N,0,US,35,CASH,0,A,0,Principal Balance,19,PPSL ,3,T,3,FIXED,1,Positive,Positive,Positive,0,0
0,0,0,Y,1,USD,30,N,0,US,35,MULTI-LNS2,1,A,0,Accrued Interest Amount,3,PPSL ,3,T,3,FIXED,1,Positive,Positive,Positive,0,0
0,0,0,Y,1,USD,30,N,0,US,35,CASH,0,A,0,Principal Balance,19,PPSL ,3,T,3,FIXED,1,Positive,Positive,Positive,0,0
0,0,0,Y,1,USD,30,N,0,US,35,MULTI-LNS2,1,A,0,Accrued Fee Amount,2,PPSL ,3,T,3,FIXED,1,Positive,Positive,Positive,0,0
-1199.667,-36522,-36522,Y,1,TWD,29,N,0,TW,33,MULTIPROD,2,R,2,Transfer Pricing P&L,24,PPSL ,3,T,3,FIXED,1,Positive,Positive,Positive,1,1
0,0,0,N,0,BRL,1,Y,1,LU,23,OVDFT-LIAB,3,L,1,Inventory Position Amount,12,PPSL ,3,T,3,EVRGRN,0,Positive,Positive,Positive,1,1
0,0,0,Y,1,ZAR,32,N,0,GB,12,CASH,0,S,3,Commitments and Contingencies,6,PPSL ,3,T,3,FIXED,1,Positive,Positive,Positive,0,0
-12.143,-9.99,-204.33,Y,1,ZAR,32,N,0,GB,12,CASH,0,R,2,Interest Income P&L,11,PPSL ,3,T,3,FIXED,1,Positive,Positive,Positive,0,0
0,0,0,Y,1,ZAR,32,N,0,GB,12,CASH,0,A,0,Principal Balance,19,PPSL ,3,T,3,FIXED,1,Positive,Positive,Positive,0,0
0,0,0,Y,1,ZAR,32,N,0,GB,12,MULTI-LNS2,1,A,0,Accrued Interest Amount,3,PPSL ,3,T,3,FIXED,1,Positive,Positive,Positive,0,0
-1216112.5,-1216112.5,-1216112.5,N,0,USD,30,N,0,US,35,CASH,0,A,0,Principal Balance,19,C    ,1,G,1,EVRGRN,0,Positive,Positive,Positive,0,0
10000,10000,10000,N,0,USD,30,N,0,US,35,CASH,0,A,0,Principal Balance,19,C    ,1,G,1,EVRGRN,0,Positive,Positive,Positive,0,0
-5182840.53,-5182840.53,-5182840.53,N,0,USD,30,N,0,BS,3,CASH,0,A,0,Principal Balance,19,C    ,1,G,1,EVRGRN,0,Positive,Positive,Positive,0,0
22706315,22706315,22706315,N,0,USD,30,N,0,US,35,CASH,0,A,0,Principal Balance,19,C    ,1,G,1,EVRGRN,0,Positive,Positive,Positive,0,0
3668926.73,3668926.73,3668926.73,N,0,USD,30,N,0,BS,3,CASH,0,A,0,Principal Balance,19,C    ,1,G,1,EVRGRN,0,Positive,Positive,Positive,0,0
-235794379.9,-235794379.9,-217111900.8,N,0,EUR,10,N,0,US,35,CASH,0,A,0,Principal Balance,19,C    ,1,G,1,EVRGRN,0,Positive,Positive,Positive,0,0
667519,667519,667519,N,0,USD,30,N,0,US,35,CASH,0,A,0,Principal Balance,19,C    ,1,G,1,EVRGRN,0,Positive,Positive,Positive,0,0
-50936704,-50936704,-50936704,N,0,USD,30,N,0,US,35,CASH,0,A,0,Principal Balance,19,C    ,1,G,1,EVRGRN,0,Positive,Positive,Positive,0,0
88626.71,88626.71,88626.71,N,0,USD,30,N,0,US,35,CASH,0,A,0,Principal Balance,19,C    ,1,G,1,EVRGRN,0,Positive,Positive,Positive,0,0
180180,180180,180180,N,0,USD,30,N,0,US,35,CASH,0,A,0,Principal Balance,19,C    ,1,G,1,EVRGRN,0,Positive,Positive,Positive,0,0
-5,-5,-5,N,0,USD,30,N,0,US,35,CASH,0,A,0,Principal Balance,19,C    ,1,G,1,EVRGRN,0,Positive,Positive,Positive,0,0
-64489.618,-1214920,-1214920,N,0,MXN,17,N,0,MX,24,CASH,0,A,0,Principal Balance,19,C    ,1,G,1,EVRGRN,0,Positive,Positive,Positive,0,0
-155009.52,-155009.52,-155009.52,N,0,USD,30,N,0,KE,20,CASH,0,A,0,Principal Balance,19,C    ,1,S,2,EVRGRN,0,Positive,Positive,Positive,0,0
5003.71,5003.71,5003.71,N,0,USD,30,N,0,PH,26,CASH,0,A,0,Principal Balance,19,C    ,1,S,2,EVRGRN,0,Positive,Positive,Positive,0,0
7473.16,7473.16,7473.16,Y,1,USD,30,N,0,LU,23,CASH,0,A,0,Principal Balance,19,C    ,1,S,2,EVRGRN,0,Positive,Positive,Positive,0,0
-197479155.8,-197479155.8,-197479155.8,Y,1,USD,30,N,0,US,35,CASH,0,A,0,Principal Balance,19,C    ,1,S,2,EVRGRN,0,Positive,Positive,Positive,0,0
219668.97,219668.97,219668.97,Y,1,USD,30,N,0,HK,13,CASH,0,A,0,Principal Balance,19,C    ,1,S,2,EVRGRN,0,Positive,Positive,Positive,0,0
-1747368651,-1747368651,-1747368651,N,0,USD,30,N,0,GB,12,CASH,0,A,0,Principal Balance,19,C    ,1,T,3,EVRGRN,0,Positive,Positive,Positive,0,0
0,0,0,N,0,AUD,0,N,0,GB,12,OVDFT-LIAB,3,L,1,Inventory Position Amount,12,PPSL ,3,T,3,EVRGRN,0,Positive,Positive,Positive,0,0
-1181.024,-965.91,-965.91,Y,1,GBP,11,N,0,GB,12,CASH,0,R,2,Interest Income P&L,11,PPSL ,3,T,3,FIXED,1,Positive,Positive,Positive,0,0
-72.091,-58.96,-58.96,Y,1,GBP,11,N,0,GB,12,CASH,0,R,2,Interest Income P&L,11,PPSL ,3,T,3,FIXED,1,Positive,Positive,Positive,0,0
12351.614,10032.99,10032.99,Y,1,GBP,11,N,0,GB,12,MULTI-LNS2,1,A,0,Accrued Interest Amount,3,PPSL ,3,T,3,FIXED,1,Positive,Positive,Positive,0,0
2528.827,2054.12,2054.12,Y,1,GBP,11,N,0,GB,12,MULTI-LNS2,1,A,0,Accrued Interest Amount,3,PPSL ,3,T,3,FIXED,1,Positive,Positive,Positive,0,0
-819958.62,-819958.62,-819958.62,N,0,USD,30,N,0,HK,13,CASH,0,A,0,Principal Balance,19,C    ,1,G,1,EVRGRN,0,Positive,Positive,Positive,0,0
-142.541,-963.14,-963.14,Y,1,CNY,5,N,0,CN,6,CASH,0,A,0,Principal Balance,19,C    ,1,G,1,EVRGRN,0,Positive,Positive,Positive,0,0
286478.339,264449.681,265295.92,Y,1,CHF,3,Y,1,LU,23,CASH,0,A,0,Principal Balance,19,PPSL ,3,T,3,EVRGRN,0,Positive,Positive,Positive,0,0
76637.167,6278500,6278500,N,0,INR,13,N,0,IN,16,CASH,0,A,0,Principal Balance,19,C    ,1,G,1,EVRGRN,0,Positive,Positive,Positive,0,0
2555.344,3409.72,3409.72,Y,1,CAD,2,N,0,CA,4,CASH,0,A,0,Principal Balance,19,C    ,1,G,1,EVRGRN,0,Positive,Positive,Positive,0,0
-216845.69,-216845.69,-216845.69,N,0,USD,30,N,0,US,35,CASH,0,A,0,Principal Balance,19,C    ,1,G,1,EVRGRN,0,Positive,Positive,Positive,0,0
-49662.93,-935600,-935600,N,0,MXN,17,N,0,MX,24,CASH,0,A,0,Principal Balance,19,C    ,1,G,1,EVRGRN,0,Positive,Positive,Positive,0,0
1056990.062,589167500,589167500,N,0,CRC,6,N,0,CR,7,CASH,0,A,0,Principal Balance,19,C    ,1,T,3,EVRGRN,0,Positive,Positive,Positive,0,0
0,0,0,Y,1,USD,30,N,0,VN,36,MULTIPROD,2,S,3,CE - Unpaid Principal Bal Amt,4,C    ,1,T,3,FIXED,1,Positive,Positive,Positive,0,0
0,0,0,Y,1,USD,30,N,0,VN,36,MULTIPROD,2,S,3,Interest IENC-Due,9,C    ,1,T,3,FIXED,1,Positive,Positive,Positive,0,0
75243.077,1764612500,75250,Y,1,USD,30,N,0,VN,36,MULTIPROD,2,S,3,Treasury Trn Px PL - Funding Exp,25,C    ,1,T,3,FIXED,1,Positive,Positive,Positive,0,0
75243.077,1764612500,75250,Y,1,USD,30,N,0,VN,36,MULTIPROD,2,S,3,Since Inception-Interest Accrue,21,C    ,1,T,3,FIXED,1,Positive,Positive,Positive,0,0
0,0,0,Y,1,USD,30,N,0,VN,36,MULTIPROD,2,S,3,Overdue Penalty Interest,18,C    ,1,T,3,FIXED,1,Positive,Positive,Positive,0,0
0,0,0,Y,1,USD,30,N,0,VN,36,MULTIPROD,2,S,3,Scheduled Principal Balance Amt,20,C    ,1,T,3,FIXED,1,Positive,Positive,Positive,0,0
-950447.13,-950447.13,-950447.13,N,0,USD,30,N,0,GB,12,CASH,0,A,0,Principal Balance,19,C    ,1,S,2,EVRGRN,0,Positive,Positive,Positive,0,0
-25.76,-25.76,-25.76,N,0,USD,30,N,0,US,35,CASH,0,A,0,Principal Balance,19,C    ,1,S,2,EVRGRN,0,Positive,Positive,Positive,0,0
-27312500,-27312500,-27312500,N,0,USD,30,N,0,US,35,CASH,0,S,3,Forward Dated Assets - Buy,7,C    ,1,S,2,EVRGRN,0,Positive,Positive,Positive,0,0
31805.72,31805.72,31805.72,N,0,USD,30,N,0,MX,24,CASH,0,A,0,Principal Balance,19,C    ,1,S,2,EVRGRN,0,Positive,Positive,Positive,0,0
-31.55,-31.55,-31.55,Y,1,USD,30,N,0,GB,12,CASH,0,A,0,Principal Balance,19,C    ,1,S,2,EVRGRN,0,Positive,Positive,Positive,0,0
-216311427.4,-216311427.4,-216311427.4,N,0,USD,30,N,0,BS,3,CASH,0,A,0,Principal Balance,19,C    ,1,S,2,EVRGRN,0,Positive,Positive,Positive,0,0
149106.28,149106.28,149106.28,Y,1,USD,30,N,0,IE,15,OVDFT-LIAB,3,L,1,Principal Balance,19,C    ,1,S,2,EVRGRN,0,Positive,Positive,Positive,0,0
581262.48,581262.48,581262.48,N,0,USD,30,N,0,MX,24,CASH,0,A,0,Principal Balance,19,C    ,1,S,2,EVRGRN,0,Positive,Positive,Positive,0,0
0,0,0,Y,1,DKK,8,N,0,GB,12,CASH,0,S,3,Commitments and Contingencies,6,PPSL ,3,T,3,FIXED,1,Positive,Positive,Positive,0,0
-1820.29,-1478.59,-12454.54,Y,1,DKK,8,N,0,GB,12,MULTIPROD,2,R,2,Interest Income P&L,11,PPSL ,3,T,3,FIXED,1,Positive,Positive,Positive,0,0
0,0,0,N,0,VND,31,Y,1,GB,12,OVDFT-LIAB,3,L,1,Inventory Position Amount,12,PPSL ,3,T,3,EVRGRN,0,Positive,Positive,Positive,1,1
0,0,0,N,0,PKR,21,Y,1,GB,12,OVDFT-LIAB,3,L,1,Inventory Position Amount,12,PPSL ,3,T,3,EVRGRN,0,Positive,Positive,Positive,1,1
0,0,0,Y,1,USD,30,N,0,TN,32,CASH,0,S,3,Commitments and Contingencies,6,PPSL ,3,T,3,FIXED,1,Positive,Positive,Positive,0,0
-1570.83,-4778.936,-1570.83,Y,1,USD,30,N,0,TN,32,CASH,0,R,2,Interest Income P&L,11,PPSL ,3,T,3,FIXED,1,Positive,Positive,Positive,0,0
1570.83,4778.936,1570.83,Y,1,USD,30,N,0,TN,32,MULTI-LNS2,1,A,0,Accrued Interest Amount,3,PPSL ,3,T,3,FIXED,1,Positive,Positive,Positive,0,0
13000000,39549900,13000000,Y,1,USD,30,N,0,TN,32,CASH,0,A,0,Principal Balance,19,PPSL ,3,T,3,FIXED,1,Positive,Positive,Positive,0,0
0,0,0,Y,1,USD,30,N,0,US,35,CASH,0,A,0,Principal Balance,19,PPSL ,3,T,3,FIXED,1,Positive,Positive,Positive,0,0
0,0,0,Y,1,USD,30,N,0,US,35,MULTI-LNS2,1,A,0,Accrued Interest Amount,3,PPSL ,3,T,3,FIXED,1,Positive,Positive,Positive,0,0
249469.57,249469.57,249469.57,Y,1,USD,30,N,0,US,35,CASH,0,A,0,Principal Balance,19,PPSL ,3,T,3,FIXED,1,Positive,Positive,Positive,0,0
575724.75,575724.75,575724.75,Y,1,USD,30,N,0,US,35,CASH,0,A,0,Principal Balance,19,PPSL ,3,T,3,FIXED,1,Positive,Positive,Positive,0,0
-856.68,-856.68,-856.68,Y,1,USD,30,N,0,US,35,CASH,0,R,2,Interest Income P&L,11,PPSL ,3,T,3,FIXED,1,Positive,Positive,Positive,0,0
-1088.46,-1088.46,-1088.46,Y,1,USD,30,N,0,US,35,CASH,0,R,2,Interest Income P&L,11,PPSL ,3,T,3,FIXED,1,Positive,Positive,Positive,0,0
4165.34,4165.34,4165.34,N,0,USD,30,N,0,GB,12,CASH,0,A,0,Principal Balance,19,C    ,1,G,1,EVRGRN,0,Positive,Positive,Positive,0,0
-25.37,-25.37,-25.37,N,0,USD,30,N,0,US,35,CASH,0,A,0,Principal Balance,19,C    ,1,G,1,EVRGRN,0,Positive,Positive,Positive,0,0
11418302.73,11418302.73,11418302.73,N,0,USD,30,N,0,US,35,CASH,0,A,0,Principal Balance,19,C    ,1,G,1,EVRGRN,0,Positive,Positive,Positive,0,0
30087561,30087561,30087561,N,0,USD,30,N,0,US,35,CASH,0,A,0,Principal Balance,19,C    ,1,G,1,EVRGRN,0,Positive,Positive,Positive,0,0
-6985830.24,-6985830.24,-6985830.24,N,0,USD,30,N,0,US,35,CASH,0,A,0,Principal Balance,19,C    ,1,G,1,EVRGRN,0,Positive,Positive,Positive,0,0
487680.45,487680.45,487680.45,N,0,USD,30,N,0,US,35,CASH,0,A,0,Principal Balance,19,C    ,1,G,1,EVRGRN,0,Positive,Positive,Positive,0,0
-4602998.1,-4602998.1,-4602998.1,N,0,USD,30,N,0,US,35,CASH,0,A,0,Principal Balance,19,C    ,1,G,1,EVRGRN,0,Positive,Positive,Positive,0,0
295589.979,5568620,5568620,N,0,MXN,17,N,0,MX,24,CASH,0,A,0,Principal Balance,19,C    ,1,G,1,EVRGRN,0,Positive,Positive,Positive,0,0
0,0,0,N,0,TWD,29,N,0,SG,30,MULTIPROD,2,S,3,Account Sum of DB Transactions,1,C    ,1,A,0,EVRGRN,0,Positive,Positive,Zero,0,0
0,0,0,N,0,TWD,29,N,0,SG,30,MULTIPROD,2,S,3,Account Sum of CR Transactions,0,C    ,1,A,0,EVRGRN,0,Positive,Positive,Zero,1,1
-2395579.55,-2395579.55,-2395579.55,Y,1,USD,30,N,0,AU,0,CASH,0,A,0,Principal Balance,19,C    ,1,S,2,EVRGRN,0,Positive,Positive,Positive,0,0
70085.7,70085.7,70085.7,N,0,USD,30,N,0,JP,19,CASH,0,A,0,Principal Balance,19,C    ,1,S,2,EVRGRN,0,Positive,Positive,Positive,0,0
-0.04,-0.04,-0.04,N,0,USD,30,N,0,US,35,CASH,0,A,0,Principal Balance,19,C    ,1,S,2,EVRGRN,0,Positive,Positive,Positive,0,0
-744803.29,-744803.29,-744803.29,N,0,USD,30,N,0,US,35,CASH,0,A,0,Principal Balance,19,C    ,1,S,2,EVRGRN,0,Positive,Positive,Positive,0,0
3478.41,3478.41,3478.41,N,0,USD,30,N,0,US,35,CASH,0,A,0,Principal Balance,19,C    ,1,S,2,EVRGRN,0,Positive,Positive,Positive,0,0
1174779.9,1174779.9,1174779.9,Y,1,USD,30,N,0,GA,11,CASH,0,A,0,Principal Balance,19,C    ,1,S,2,EVRGRN,0,Positive,Positive,Positive,0,0
62600.45,62600.45,62600.45,N,0,USD,30,N,0,MX,24,CASH,0,A,0,Principal Balance,19,C    ,1,S,2,EVRGRN,0,Positive,Positive,Positive,0,0
0,0,0,Y,1,USD,30,N,0,GB,12,CASH,0,S,3,Commitments and Contingencies,6,PPSL ,3,T,3,FIXED,1,Positive,Positive,Positive,0,0
-5836.587,-4740.95,-5859.58,Y,1,USD,30,N,0,GB,12,CASH,0,R,2,Interest Income P&L,11,PPSL ,3,T,3,FIXED,1,Positive,Positive,Positive,0,0
0,0,0,Y,1,USD,30,N,0,GB,12,MULTI-LNS2,1,A,0,Accrued Interest Amount,3,PPSL ,3,T,3,FIXED,1,Positive,Positive,Positive,0,0
0,0,0,Y,1,USD,30,N,0,GB,12,CASH,0,A,0,Principal Balance,19,PPSL ,3,T,3,FIXED,1,Positive,Positive,Positive,0,0
0,0,0,Y,1,USD,30,N,0,US,35,CASH,0,A,0,Principal Balance,19,PPSL ,3,T,3,FIXED,1,Positive,Positive,Positive,0,0
0,0,0,Y,1,USD,30,N,0,US,35,MULTI-LNS2,1,A,0,Accrued Interest Amount,3,PPSL ,3,T,3,FIXED,1,Positive,Positive,Positive,0,0
-24.584,-20.11,-22.82,Y,1,EUR,10,N,0,GB,12,CASH,0,R,2,Interest Income P&L,11,PPSL ,3,T,3,FIXED,1,Positive,Positive,Positive,0,0
110.342,89.629,101.6,Y,1,EUR,10,N,0,GB,12,MULTI-LNS2,1,A,0,Accrued Interest Amount,3,PPSL ,3,T,3,FIXED,1,Positive,Positive,Positive,0,0
0,0,0,N,0,IDR,12,Y,1,LU,23,OVDFT-LIAB,3,L,1,Inventory Position Amount,12,PPSL ,3,T,3,EVRGRN,0,Positive,Positive,Positive,1,1
-0.004,-0.004,-5,N,0,KRW,15,Y,1,LU,23,OVDFT-LIAB,3,L,1,Inventory Position Amount,12,PPSL ,3,T,3,EVRGRN,0,Positive,Positive,Positive,1,1
0,0,0,Y,1,MYR,18,Y,1,LU,23,OVDFT-LIAB,3,L,1,Inventory Position Amount,12,PPSL ,3,T,3,EVRGRN,0,Positive,Positive,Positive,1,0
34374455.5,34374455.5,34374455.5,N,0,USD,30,N,0,US,35,CASH,0,A,0,Principal Balance,19,C    ,1,G,1,EVRGRN,0,Positive,Positive,Positive,0,0
-5,-5,-5,N,0,USD,30,N,0,US,35,CASH,0,A,0,Principal Balance,19,C    ,1,G,1,EVRGRN,0,Positive,Positive,Positive,0,0
-6562150254,-6562150254,-6562150254,N,0,USD,30,N,0,US,35,CASH,0,A,0,Principal Balance,19,C    ,1,G,1,EVRGRN,0,Positive,Positive,Positive,0,0
850,850,850,N,0,USD,30,N,0,US,35,CASH,0,A,0,Principal Balance,19,C    ,1,G,1,EVRGRN,0,Positive,Positive,Positive,0,0
-10,-10,-10,N,0,USD,30,N,0,US,35,CASH,0,A,0,Principal Balance,19,C    ,1,G,1,EVRGRN,0,Positive,Positive,Positive,0,0
-6544.459,-6544.459,-68519.17,N,0,SEK,25,N,0,US,35,CASH,0,A,0,Principal Balance,19,C    ,1,G,1,EVRGRN,0,Positive,Positive,Positive,0,0
209238.798,3941850,3941850,N,0,MXN,17,N,0,MX,24,CASH,0,A,0,Principal Balance,19,C    ,1,G,1,EVRGRN,0,Positive,Positive,Positive,0,0
-2.89572,-22.7,0,N,0,CNY,5,N,0,HK,13,MULTIPROD,2,S,3,Account Sum of CR Transactions,0,C    ,1,A,0,EVRGRN,0,Positive,Positive,Zero,0,0
0,0,0,N,0,CNY,5,N,0,HK,13,MULTIPROD,2,S,3,Account Sum of DB Transactions,1,C    ,1,A,0,EVRGRN,0,Positive,Positive,Zero,0,0
0,0,0,N,0,INR,13,N,0,IN,16,MULTIPROD,2,S,3,Account Sum of DB Transactions,1,C    ,1,A,0,EVRGRN,0,Positive,Positive,Zero,0,0
0,0,0,N,0,INR,13,N,0,IN,16,MULTIPROD,2,S,3,Account Sum of CR Transactions,0,C    ,1,A,0,EVRGRN,0,Positive,Positive,Zero,0,0
304988.9991,1326092.17,304988.9995,N,0,USD,30,N,0,PL,27,CASH,0,A,0,Principal Balance,19,C    ,1,G,1,EVRGRN,0,Positive,Positive,Positive,0,0
1023.59,1023.59,1023.59,Y,1,USD,30,N,0,DE,8,CASH,0,A,0,Principal Balance,19,C    ,1,S,2,EVRGRN,0,Positive,Positive,Positive,0,0
2.17,2.17,2.17,N,0,USD,30,N,0,CH,5,CASH,0,A,0,Principal Balance,19,C    ,1,S,2,EVRGRN,0,Positive,Positive,Positive,0,0
-5763.43,-5763.43,-4652.62,Y,1,GBP,11,N,0,LK,22,MULTIPROD,2,S,3,Account Sum of DB Transactions,1,C    ,1,A,0,EVRGRN,0,Positive,Positive,Zero,0,0
-3529.05,-3529.05,-452.08,Y,1,GBP,11,N,0,LK,22,MULTIPROD,2,S,3,Account Sum of CR Transactions,0,C    ,1,A,0,EVRGRN,0,Positive,Positive,Zero,0,0
0.01,0.01,0.01,N,0,USD,30,N,0,US,35,CASH,0,A,0,Principal Balance,19,C    ,1,S,2,EVRGRN,0,Positive,Positive,Positive,0,0
18.52,18.52,18.52,N,0,USD,30,N,0,GB,12,CASH,0,A,0,Principal Balance,19,C    ,1,S,2,EVRGRN,0,Positive,Positive,Positive,0,0
-7377401.284,-7377401.284,-5992284.68,Y,1,GBP,11,N,0,LK,22,CASH,0,A,0,Principal Balance,19,PPSL ,3,T,3,EVRGRN,0,Positive,Positive,Positive,0,0
7847631.085,7847631.085,6374228.23,Y,1,GBP,11,N,0,LK,22,CASH,0,A,0,Principal Balance,19,PPSL ,3,T,3,EVRGRN,0,Positive,Positive,Positive,0,0
10735.406,10735.406,8719.82,Y,1,GBP,11,N,0,LK,22,CASH,0,A,0,Principal Balance,19,PPSL ,3,T,3,EVRGRN,0,Positive,Positive,Positive,0,0
-56723800,-56723800,-56723800,Y,1,USD,30,N,0,KR,21,CASH,0,A,0,Principal Balance,19,C    ,1,S,2,EVRGRN,0,Positive,Positive,Positive,0,0
0,0,0,Y,1,CAD,2,N,0,GB,12,CASH,0,S,3,Commitments and Contingencies,6,PPSL ,3,T,3,FIXED,1,Positive,Positive,Positive,0,0
-150699.848,-122410.73,-201369.86,Y,1,CAD,2,N,0,GB,12,CASH,0,R,2,Interest Income P&L,11,PPSL ,3,T,3,FIXED,1,Positive,Positive,Positive,0,0
0,0,0,Y,1,CAD,2,N,0,GB,12,MULTI-LNS2,1,A,0,Accrued Interest Amount,3,PPSL ,3,T,3,FIXED,1,Positive,Positive,Positive,0,0
0,0,0,Y,1,CAD,2,N,0,GB,12,CASH,0,A,0,Principal Balance,19,PPSL ,3,T,3,FIXED,1,Positive,Positive,Positive,0,0
0,0,0,Y,1,MYR,18,N,0,GB,12,OVDFT-LIAB,3,L,1,Inventory Position Amount,12,PPSL ,3,T,3,EVRGRN,0,Positive,Positive,Positive,0,0
2500000,2500000,2500000,Y,1,USD,30,N,0,US,35,CASH,0,A,0,Principal Balance,19,PPSL ,3,T,3,FIXED,1,Positive,Positive,Positive,0,0
7987.78,7987.78,7987.78,Y,1,USD,30,N,0,US,35,MULTI-LNS2,1,A,0,Accrued Interest Amount,3,PPSL ,3,T,3,FIXED,1,Positive,Positive,Positive,0,0
-7987.78,-7987.78,-7987.78,Y,1,USD,30,N,0,US,35,CASH,0,R,2,Interest Income P&L,11,PPSL ,3,T,3,FIXED,1,Positive,Positive,Positive,0,0
5000000,5000000,5000000,Y,1,USD,30,N,0,US,35,CASH,0,A,0,Principal Balance,19,PPSL ,3,T,3,FIXED,1,Positive,Positive,Positive,0,0
0,0,0,Y,1,USD,30,N,0,US,35,CASH,0,A,0,Principal Balance,19,PPSL ,3,T,3,FIXED,1,Positive,Positive,Positive,0,0
0,0,0,Y,1,USD,30,N,0,US,35,CASH,0,A,0,Principal Balance,19,PPSL ,3,T,3,FIXED,1,Positive,Positive,Positive,0,0
186161361.9,186161361.9,186161361.9,Y,1,USD,30,N,0,US,35,CASH,0,A,0,Principal Balance,19,PPSL ,3,T,3,FIXED,1,Positive,Positive,Positive,0,0
22235.94,22235.94,22235.94,Y,1,USD,30,N,0,US,35,MULTI-LNS2,1,A,0,Accrued Interest Amount,3,PPSL ,3,T,3,FIXED,1,Positive,Positive,Positive,0,0
0,0,0,Y,1,USD,30,N,0,US,35,MULTI-LNS2,1,A,0,Accrued Interest Amount,3,PPSL ,3,T,3,FIXED,1,Positive,Positive,Positive,0,0
0,0,0,Y,1,USD,30,N,0,US,35,MULTI-LNS2,1,A,0,Accrued Interest Amount,3,PPSL ,3,T,3,FIXED,1,Positive,Positive,Positive,0,0
634.86,634.86,634.86,Y,1,USD,30,N,0,US,35,MULTI-LNS2,1,A,0,Accrued Interest Amount,3,PPSL ,3,T,3,FIXED,1,Positive,Positive,Positive,0,0
-634.86,-634.86,-634.86,Y,1,USD,30,N,0,US,35,CASH,0,R,2,Interest Income P&L,11,PPSL ,3,T,3,FIXED,1,Positive,Positive,Positive,0,0
-187545.35,-187545.35,-187545.35,Y,1,USD,30,N,0,US,35,CASH,0,R,2,Interest Income P&L,11,PPSL ,3,T,3,FIXED,1,Positive,Positive,Positive,0,0
-913.75,-913.75,-913.75,Y,1,USD,30,N,0,US,35,CASH,0,R,2,Interest Income P&L,11,PPSL ,3,T,3,FIXED,1,Positive,Positive,Positive,0,0
-22235.94,-22235.94,-22235.94,Y,1,USD,30,N,0,US,35,CASH,0,R,2,Interest Income P&L,11,PPSL ,3,T,3,FIXED,1,Positive,Positive,Positive,0,0
45600,45600,45600,Y,1,USD,30,N,0,US,35,CASH,0,A,0,Principal Balance,19,PPSL ,3,T,3,FIXED,1,Positive,Positive,Positive,0,0
0,0,0,Y,1,USD,30,N,0,US,35,CASH,0,A,0,Principal Balance,19,PPSL ,3,T,3,FIXED,1,Positive,Positive,Positive,0,0
459.7,459.7,459.7,Y,1,USD,30,N,0,US,35,MULTI-LNS2,1,A,0,Accrued Interest Amount,3,PPSL ,3,T,3,FIXED,1,Positive,Positive,Positive,0,0
-190.01,-190.01,-190.01,Y,1,USD,30,N,0,US,35,CASH,0,R,2,Interest Income P&L,11,PPSL ,3,T,3,FIXED,1,Positive,Positive,Positive,0,0
-1285.03,-39054,-39054,Y,1,TWD,29,N,0,TW,33,MULTIPROD,2,R,2,Transfer Pricing P&L,24,PPSL ,3,T,3,FIXED,1,Positive,Positive,Positive,1,1
-186615.52,-186615.52,-174350,Y,1,EUR,10,N,0,IE,15,CASH,0,R,2,Interest Income P&L,11,PPSL ,3,T,3,FIXED,1,Positive,Positive,Positive,0,0
0,0,0,Y,1,EUR,10,N,0,IE,15,CASH,0,S,3,Commitments and Contingencies,6,PPSL ,3,T,3,FIXED,1,Positive,Positive,Positive,0,0
0,0,0,Y,1,EUR,10,N,0,IE,15,MULTI-LNS2,1,A,0,Accrued Interest Amount,3,PPSL ,3,T,3,FIXED,1,Positive,Positive,Positive,0,0
0,0,0,Y,1,EUR,10,N,0,IE,15,CASH,0,A,0,Principal Balance,19,PPSL ,3,T,3,FIXED,1,Positive,Positive,Positive,0,0
3501,3501,3501,N,0,USD,30,N,0,US,35,CASH,0,A,0,Principal Balance,19,C    ,1,G,1,EVRGRN,0,Positive,Positive,Positive,0,0
-850598071.9,-850598071.9,-850598071.9,N,0,USD,30,N,0,US,35,CASH,0,A,0,Principal Balance,19,C    ,1,G,1,EVRGRN,0,Positive,Positive,Positive,0,0
695,695,695,N,0,USD,30,N,0,US,35,CASH,0,A,0,Principal Balance,19,C    ,1,G,1,EVRGRN,0,Positive,Positive,Positive,0,0
-29866.918,-29866.918,-27500.5,N,0,EUR,10,N,0,US,35,CASH,0,A,0,Principal Balance,19,C    ,1,G,1,EVRGRN,0,Positive,Positive,Positive,0,0
-2317256606,-2317256606,-2317256606,N,0,USD,30,N,0,US,35,CASH,0,A,0,Principal Balance,19,C    ,1,G,1,EVRGRN,0,Positive,Positive,Positive,0,0
64278.354,1210940,1210940,N,0,MXN,17,N,0,MX,24,CASH,0,A,0,Principal Balance,19,C    ,1,G,1,EVRGRN,0,Positive,Positive,Positive,0,0
0,0,0,N,0,BRL,1,N,0,HK,13,MULTIPROD,2,S,3,Account Sum of DB Transactions,1,C    ,1,A,0,EVRGRN,0,Positive,Positive,Zero,0,0
0,0,0,N,0,BRL,1,N,0,HK,13,MULTIPROD,2,S,3,Account Sum of CR Transactions,0,C    ,1,A,0,EVRGRN,0,Positive,Positive,Zero,0,0
-31450502.45,-2.3E+11,-2.3E+11,N,0,PYG,23,Y,1,PY,28,MULTIPROD,2,S,3,Account Sum of DB Transactions,1,C    ,1,A,0,EVRGRN,0,Positive,Positive,Zero,0,0
-33013209.9,-2.41E+11,-2.41E+11,N,0,PYG,23,Y,1,PY,28,MULTIPROD,2,S,3,Account Sum of CR Transactions,0,C    ,1,A,0,EVRGRN,0,Positive,Positive,Zero,0,0
-322464511.9,-322464511.9,-322464511.9,Y,1,USD,30,N,0,PH,26,CASH,0,A,0,Principal Balance,19,C    ,1,S,2,EVRGRN,0,Positive,Positive,Positive,0,0
458743.32,458743.32,458743.32,N,0,USD,30,N,0,BS,3,CASH,0,A,0,Principal Balance,19,C    ,1,S,2,EVRGRN,0,Positive,Positive,Positive,0,0
168238.27,168238.27,168238.27,N,0,USD,30,N,0,US,35,CASH,0,A,0,Principal Balance,19,C    ,1,S,2,EVRGRN,0,Positive,Positive,Positive,0,0
16.24,16.24,16.24,N,0,USD,30,N,0,US,35,CASH,0,A,0,Principal Balance,19,C    ,1,S,2,EVRGRN,0,Positive,Positive,Positive,0,0
151022.87,151022.87,151022.87,N,0,USD,30,N,0,MX,24,CASH,0,A,0,Principal Balance,19,C    ,1,S,2,EVRGRN,0,Positive,Positive,Positive,0,0
-3944114.86,-3944114.86,-3944114.86,N,0,USD,30,N,0,US,35,CASH,0,A,0,Principal Balance,19,C    ,1,S,2,EVRGRN,0,Positive,Positive,Positive,0,0
0,0,0,Y,1,USD,30,N,0,US,35,CASH,0,A,0,Principal Balance,19,PPSL ,3,T,3,FIXED,1,Positive,Positive,Positive,0,0
0,0,0,Y,1,USD,30,N,0,US,35,MULTI-LNS2,1,A,0,Accrued Interest Amount,3,PPSL ,3,T,3,FIXED,1,Positive,Positive,Positive,0,0
-28142.89,-28142.89,-28142.89,Y,1,USD,30,N,0,US,35,CASH,0,R,2,Interest Income P&L,11,PPSL ,3,T,3,FIXED,1,Positive,Positive,Positive,0,0
0,0,0,Y,1,USD,30,N,0,US,35,CASH,0,A,0,Principal Balance,19,PPSL ,3,T,3,FIXED,1,Positive,Positive,Positive,0,0
0,0,0,Y,1,USD,30,N,0,US,35,MULTI-LNS2,1,A,0,Accrued Interest Amount,3,PPSL ,3,T,3,FIXED,1,Positive,Positive,Positive,0,0
-146.17,-146.17,-146.17,Y,1,USD,30,N,0,US,35,CASH,0,R,2,Interest Income P&L,11,PPSL ,3,T,3,FIXED,1,Positive,Positive,Positive,0,0
35340.07,35340.07,35340.07,Y,1,USD,30,N,0,US,35,CASH,0,A,0,Principal Balance,19,PPSL ,3,T,3,FIXED,1,Positive,Positive,Positive,0,0
-86.59,-86.59,-86.59,Y,1,USD,30,N,0,US,35,CASH,0,R,2,Interest Income P&L,11,PPSL ,3,T,3,FIXED,1,Positive,Positive,Positive,0,0
-6505.929,-51000.952,-33288.57,N,0,BRL,1,N,0,HK,13,CASH,0,A,0,Principal Balance,19,PPSL ,3,T,3,EVRGRN,0,Positive,Positive,Positive,0,0
5541.85,5541.85,5541.85,N,0,USD,30,N,0,GB,12,CASH,0,A,0,Principal Balance,19,C    ,1,S,2,EVRGRN,0,Positive,Positive,Positive,0,0
92332.46,92332.46,92332.46,N,0,USD,30,N,0,US,35,CASH,0,A,0,Principal Balance,19,C    ,1,S,2,EVRGRN,0,Positive,Positive,Positive,0,0
2105476637,2105476637,2105476637,Y,1,USD,30,N,0,GB,12,CASH,0,A,0,Principal Balance,19,C    ,1,S,2,EVRGRN,0,Positive,Positive,Positive,0,0
-193.12,-193.12,-193.12,Y,1,USD,30,N,0,GB,12,CASH,0,A,0,Principal Balance,19,C    ,1,S,2,EVRGRN,0,Positive,Positive,Positive,0,0
-0.45,-0.45,-0.45,N,0,USD,30,N,0,US,35,CASH,0,A,0,Principal Balance,19,C    ,1,S,2,EVRGRN,0,Positive,Positive,Positive,0,0
0,0,0,Y,1,USD,30,N,0,GB,12,CASH,0,S,3,Commitments and Contingencies,6,PPSL ,3,T,3,FIXED,1,Positive,Positive,Positive,0,0
-92020.266,-74746.38,-90629.99,Y,1,USD,30,N,0,GB,12,MULTIPROD,2,R,2,Interest Income P&L,11,PPSL ,3,T,3,FIXED,1,Positive,Positive,Positive,0,0
0,0,0,N,0,BRL,1,N,0,GB,12,OVDFT-LIAB,3,L,1,Inventory Position Amount,12,PPSL ,3,T,3,EVRGRN,0,Positive,Positive,Positive,0,0
0,0,0,N,0,TWD,29,Y,1,GB,12,OVDFT-LIAB,3,L,1,Inventory Position Amount,12,PPSL ,3,T,3,EVRGRN,0,Positive,Positive,Positive,1,1
1906243.01,1906243.01,1906243.01,Y,1,USD,30,N,0,US,35,CASH,0,A,0,Principal Balance,19,PPSL ,3,T,3,FIXED,1,Positive,Positive,Positive,0,0
483.76,483.76,483.76,Y,1,USD,30,N,0,US,35,MULTI-LNS2,1,A,0,Accrued Interest Amount,3,PPSL ,3,T,3,FIXED,1,Positive,Positive,Positive,0,0
-483.76,-483.76,-483.76,Y,1,USD,30,N,0,US,35,CASH,0,R,2,Interest Income P&L,11,PPSL ,3,T,3,FIXED,1,Positive,Positive,Positive,0,0
0,0,0,Y,1,USD,30,N,0,US,35,CASH,0,A,0,Principal Balance,19,PPSL ,3,T,3,FIXED,1,Positive,Positive,Positive,0,0
0,0,0,Y,1,USD,30,N,0,US,35,CASH,0,A,0,Principal Balance,19,PPSL ,3,T,3,FIXED,1,Positive,Positive,Positive,0,0
0,0,0,Y,1,USD,30,N,0,US,35,MULTI-LNS2,1,A,0,Accrued Interest Amount,3,PPSL ,3,T,3,FIXED,1,Positive,Positive,Positive,0,0
0,0,0,Y,1,USD,30,N,0,US,35,MULTI-LNS2,1,A,0,Accrued Interest Amount,3,PPSL ,3,T,3,FIXED,1,Positive,Positive,Positive,0,0
-20640.46,-20640.46,-20640.46,Y,1,USD,30,N,0,US,35,CASH,0,R,2,Interest Income P&L,11,PPSL ,3,T,3,FIXED,1,Positive,Positive,Positive,0,0
-1821.7,-1821.7,-1821.7,Y,1,USD,30,N,0,US,35,CASH,0,R,2,Interest Income P&L,11,PPSL ,3,T,3,FIXED,1,Positive,Positive,Positive,0,0
1821.7,1821.7,1821.7,Y,1,USD,30,N,0,US,35,MULTI-LNS2,1,A,0,Accrued Interest Amount,3,PPSL ,3,T,3,FIXED,1,Positive,Positive,Positive,0,0
3000000,3000000,3000000,Y,1,USD,30,N,0,US,35,CASH,0,A,0,Principal Balance,19,PPSL ,3,T,3,FIXED,1,Positive,Positive,Positive,0,0
0,0,0,Y,1,JPY,14,N,0,FR,10,CASH,0,S,3,Commitments and Contingencies,6,PPSL ,3,T,3,FIXED,1,Positive,Positive,Positive,0,0
-132.45,-123.52,-1373.8,Y,1,SEK,25,N,0,DE,8,CASH,0,R,2,Interest Income P&L,11,PPSL ,3,T,3,FIXED,1,Positive,Positive,Positive,0,0
0,0,0,Y,1,SEK,25,N,0,DE,8,CASH,0,A,0,Principal Balance,19,PPSL ,3,T,3,FIXED,1,Positive,Positive,Positive,0,0
0,0,0,Y,1,SEK,25,N,0,DE,8,CASH,0,S,3,Commitments and Contingencies,6,PPSL ,3,T,3,FIXED,1,Positive,Positive,Positive,0,0
0,0,0,Y,1,SEK,25,N,0,DE,8,MULTI-LNS2,1,A,0,Accrued Interest Amount,3,PPSL ,3,T,3,FIXED,1,Positive,Positive,Positive,0,0
0,0,0,Y,1,USD,30,N,0,GB,12,MULTIPROD,2,S,3,Letter of Credit-Issued,13,PPSL ,3,T,3,FIXED,1,Positive,Positive,Positive,0,0
-13958.976,-11327.1,-13958.96,Y,1,USD,30,N,0,GB,12,CASH,0,R,2,Interest Income P&L,11,PPSL ,3,T,3,FIXED,1,Positive,Positive,Positive,0,0
0,0,0,Y,1,USD,30,N,0,GB,12,MULTIPROD,2,S,3,Trans Notional Recvable (FS),23,PPSL ,3,T,3,FIXED,1,Positive,Positive,Positive,1,1
13958.96,11338.608,13958.96,Y,1,USD,30,N,0,GB,12,MULTI-LNS2,1,A,0,Accrued Interest Amount,3,PPSL ,3,T,3,FIXED,1,Positive,Positive,Positive,0,0
0,0,0,Y,1,EUR,10,Y,1,ES,9,OVDFT-LIAB,3,L,1,Inventory Position Amount,12,PPSL ,3,T,3,EVRGRN,0,Positive,Positive,Positive,0,0
-75657800.59,-100953986.3,-100953986.3,Y,1,CAD,2,N,0,CA,4,CASH,0,A,0,Principal Balance,19,C    ,1,T,3,EVRGRN,0,Positive,Positive,Positive,0,0
879695.981,812052.049,1158635.86,Y,1,SGD,26,N,0,DE,8,CASH,0,A,0,Principal Balance,19,C    ,1,G,1,EVRGRN,0,Positive,Positive,Positive,0,0
-2479846040,-2289159097,-3.23E+11,N,0,JPY,14,N,0,DE,8,CASH,0,A,0,Principal Balance,19,C    ,1,G,1,EVRGRN,0,Positive,Positive,Positive,0,0
103095.5,103095.5,103095.5,N,0,USD,30,N,0,US,35,CASH,0,A,0,Principal Balance,19,C    ,1,G,1,EVRGRN,0,Positive,Positive,Positive,0,0
-672959017.4,-672959017.4,-672959017.4,N,0,USD,30,N,0,US,35,CASH,0,A,0,Principal Balance,19,C    ,1,G,1,EVRGRN,0,Positive,Positive,Positive,0,0
16184.21,16184.21,16184.21,N,0,USD,30,N,0,US,35,CASH,0,A,0,Principal Balance,19,C    ,1,G,1,EVRGRN,0,Positive,Positive,Positive,0,0
-452962.72,-452962.72,-452962.72,N,0,USD,30,N,0,US,35,CASH,0,A,0,Principal Balance,19,C    ,1,G,1,EVRGRN,0,Positive,Positive,Positive,0,0
-90739390.62,-90739390.62,-90739390.62,N,0,USD,30,N,0,US,35,CASH,0,A,0,Principal Balance,19,C    ,1,G,1,EVRGRN,0,Positive,Positive,Positive,0,0
-351512728.1,-351512728.1,-351512728.1,N,0,USD,30,N,0,US,35,CASH,0,A,0,Principal Balance,19,C    ,1,G,1,EVRGRN,0,Positive,Positive,Positive,0,0
1321885458,1321885458,1321885458,N,0,USD,30,N,0,US,35,CASH,0,A,0,Principal Balance,19,C    ,1,G,1,EVRGRN,0,Positive,Positive,Positive,0,0
0,0,0,N,0,TWD,29,N,0,SG,30,MULTIPROD,2,S,3,Account Sum of CR Transactions,0,C    ,1,A,0,EVRGRN,0,Positive,Positive,Zero,1,1
0,0,0,N,0,TWD,29,N,0,SG,30,MULTIPROD,2,S,3,Account Sum of DB Transactions,1,C    ,1,A,0,EVRGRN,0,Positive,Positive,Zero,0,0
0,0,0,N,0,TWD,29,N,0,HK,13,MULTIPROD,2,S,3,Account Sum of DB Transactions,1,C    ,1,A,0,EVRGRN,0,Positive,Positive,Zero,0,0
0,0,0,N,0,TWD,29,N,0,HK,13,MULTIPROD,2,S,3,Account Sum of CR Transactions,0,C    ,1,A,0,EVRGRN,0,Positive,Positive,Zero,0,0
0,0,0,Y,1,USD,30,N,0,GB,12,MULTIPROD,2,S,3,GENESIS DEFAULT,8,C    ,1,T,3,EVRGRN,0,Positive,Positive,Positive,0,0
-0.46,-0.46,-0.46,Y,1,USD,30,N,0,PH,26,CASH,0,A,0,Principal Balance,19,C    ,1,S,2,EVRGRN,0,Positive,Positive,Positive,0,0
30701773.58,30701773.58,30701773.58,N,0,USD,30,N,0,ZA,37,CASH,0,A,0,Principal Balance,19,C    ,1,S,2,EVRGRN,0,Positive,Positive,Positive,0,0
0.05,0.05,0.05,Y,1,USD,30,N,0,UA,34,OVDFT-LIAB,3,L,1,Principal Balance,19,C    ,1,S,2,EVRGRN,0,Positive,Positive,Positive,0,0
-96762976.69,-96762976.69,-96762976.69,N,0,USD,30,N,0,US,35,CASH,0,A,0,Principal Balance,19,C    ,1,S,2,EVRGRN,0,Positive,Positive,Positive,0,0
683998.39,683998.39,683998.39,Y,1,USD,30,N,0,GB,12,CASH,0,A,0,Principal Balance,19,C    ,1,S,2,EVRGRN,0,Positive,Positive,Positive,0,0
0,0,0,Y,1,USD,30,N,0,ZM,38,MULTI-LNS2,1,A,0,Accrued Interest Amount,3,PPSL ,3,T,3,FIXED,1,Positive,Positive,Positive,0,0
-2100,-38325,-2100,Y,1,USD,30,N,0,ZM,38,CASH,0,R,2,Interest Income P&L,11,PPSL ,3,T,3,FIXED,1,Positive,Positive,Positive,0,0
0,0,0,Y,1,USD,30,N,0,ZM,38,CASH,0,A,0,Principal Balance,19,PPSL ,3,T,3,FIXED,1,Positive,Positive,Positive,0,0
0,0,0,Y,1,USD,30,N,0,US,35,CASH,0,A,0,Principal Balance,19,PPSL ,3,T,3,FIXED,1,Positive,Positive,Positive,0,0
192003.13,192003.13,192003.13,Y,1,USD,30,N,0,US,35,CASH,0,A,0,Principal Balance,19,PPSL ,3,T,3,FIXED,1,Positive,Positive,Positive,0,0
0,0,0,Y,1,USD,30,N,0,US,35,CASH,0,A,0,Principal Balance,19,PPSL ,3,T,3,FIXED,1,Positive,Positive,Positive,0,0
38633.76,38633.76,38633.76,Y,1,USD,30,N,0,US,35,CASH,0,A,0,Principal Balance,19,PPSL ,3,T,3,FIXED,1,Positive,Positive,Positive,0,0
273.78,273.78,273.78,Y,1,USD,30,N,0,US,35,MULTI-LNS2,1,A,0,Accrued Interest Amount,3,PPSL ,3,T,3,FIXED,1,Positive,Positive,Positive,0,0
-784.41,-784.41,-784.41,Y,1,USD,30,N,0,US,35,CASH,0,R,2,Interest Income P&L,11,PPSL ,3,T,3,FIXED,1,Positive,Positive,Positive,0,0
-157.17,-157.17,-157.17,Y,1,USD,30,N,0,US,35,CASH,0,R,2,Interest Income P&L,11,PPSL ,3,T,3,FIXED,1,Positive,Positive,Positive,0,0
-146952.513,-119366.837,-135309.16,Y,1,EUR,10,N,0,GB,12,CASH,0,A,0,Principal Balance,19,PPSL ,3,T,3,EVRGRN,0,Positive,Positive,Positive,0,0
147591.248,119885.67,119885.67,Y,1,GBP,11,N,0,GB,12,CASH,0,A,0,Principal Balance,19,PPSL ,3,T,3,EVRGRN,0,Positive,Positive,Positive,0,0
-8782.457,-7182.81,-7182.81,Y,1,GBP,11,N,0,GB,12,CASH,0,R,2,Interest Income P&L,11,PPSL ,3,T,3,FIXED,1,Positive,Positive,Positive,0,0
0,0,0,N,0,BRL,1,N,0,HK,13,MULTIPROD,2,S,3,Account Sum of CR Transactions,0,C    ,1,A,0,EVRGRN,0,Positive,Positive,Zero,0,0
0,0,0,N,0,BRL,1,N,0,HK,13,MULTIPROD,2,S,3,Account Sum of DB Transactions,1,C    ,1,A,0,EVRGRN,0,Positive,Positive,Zero,0,0
0,0,0,N,0,INR,13,N,0,HK,13,MULTIPROD,2,S,3,Account Sum of DB Transactions,1,C    ,1,A,0,EVRGRN,0,Positive,Positive,Zero,0,0
0,0,0,N,0,INR,13,N,0,HK,13,MULTIPROD,2,S,3,Account Sum of CR Transactions,0,C    ,1,A,0,EVRGRN,0,Positive,Positive,Zero,0,0
-153040.56,-153040.56,-153040.56,N,0,USD,30,N,0,SG,30,CASH,0,A,0,Principal Balance,19,C    ,1,S,2,EVRGRN,0,Positive,Positive,Positive,0,0
0,0,0,Y,1,USD,30,N,0,GB,12,MULTIPROD,2,S,3,GENESIS DEFAULT,8,C    ,1,T,3,EVRGRN,0,Positive,Positive,Positive,0,0
-135865.63,-135865.63,-135865.63,N,0,USD,30,N,0,MX,24,CASH,0,A,0,Principal Balance,19,C    ,1,S,2,EVRGRN,0,Positive,Positive,Positive,0,0
82486342.58,82486342.58,82486342.58,Y,1,USD,30,N,0,TN,32,CASH,0,A,0,Principal Balance,19,C    ,1,S,2,EVRGRN,0,Positive,Positive,Positive,0,0
-263818909.9,-263818909.9,-263818909.9,Y,1,USD,30,N,0,GB,12,CASH,0,A,0,Principal Balance,19,C    ,1,S,2,EVRGRN,0,Positive,Positive,Positive,0,0
-19.74,-19.74,-16.04,Y,1,GBP,11,N,0,GB,12,CASH,0,A,0,Principal Balance,19,C    ,1,T,3,EVRGRN,0,Positive,Positive,Positive,0,0
330101501.2,330101501.2,303946872.7,Y,1,EUR,10,N,0,GB,12,CASH,0,A,0,Principal Balance,19,C    ,1,T,3,EVRGRN,0,Positive,Positive,Positive,0,0
2856.73,2856.73,2856.73,Y,1,USD,30,N,0,DE,8,CASH,0,A,0,Principal Balance,19,C    ,1,S,2,EVRGRN,0,Positive,Positive,Positive,0,0
149266,121246.04,149266,N,0,USD,30,N,0,GB,12,CASH,0,S,3,Commitments and Contingencies,6,PPSL ,3,T,3,FIXED,1,Positive,Positive,Positive,0,0
0,0,0,Y,1,USD,30,N,0,US,35,CASH,0,A,0,Principal Balance,19,PPSL ,3,T,3,FIXED,1,Positive,Positive,Positive,0,0
0,0,0,Y,1,USD,30,N,0,US,35,MULTI-LNS2,1,A,0,Accrued Interest Amount,3,PPSL ,3,T,3,FIXED,1,Positive,Positive,Positive,0,0
-2248.81,-2248.81,-2248.81,Y,1,USD,30,N,0,US,35,CASH,0,R,2,Interest Income P&L,11,PPSL ,3,T,3,FIXED,1,Positive,Positive,Positive,0,0
-1629898.227,-12777016.68,-133701149.8,N,0,INR,13,N,0,HK,13,CASH,0,A,0,Principal Balance,19,PPSL ,3,T,3,EVRGRN,0,Positive,Positive,Positive,0,0
1629898.227,12777016.68,133701149.8,N,0,INR,13,N,0,HK,13,CASH,0,A,0,Principal Balance,19,FRM  ,2,T,3,EVRGRN,0,Positive,Positive,Positive,0,0
1622359.36,12717918.38,133082733.8,N,0,INR,13,N,0,HK,13,CASH,0,A,0,Principal Balance,19,PPSL ,3,T,3,EVRGRN,0,Positive,Positive,Positive,0,0
-1629898.227,-12777016.68,-133701149.8,N,0,INR,13,N,0,HK,13,CASH,0,A,0,Principal Balance,19,FRM  ,2,T,3,EVRGRN,0,Positive,Positive,Positive,0,0
7538.867,59098.307,618416,N,0,INR,13,N,0,HK,13,CASH,0,A,0,Principal Balance,19,PPSL ,3,T,3,EVRGRN,0,Positive,Positive,Positive,0,0
-1629898.227,-12777016.68,-133701149.8,N,0,INR,13,N,0,HK,13,CASH,0,A,0,Principal Balance,19,FRM  ,2,T,3,EVRGRN,0,Positive,Positive,Positive,0,0
1629898.227,12777016.68,133701149.8,N,0,INR,13,N,0,HK,13,CASH,0,A,0,Principal Balance,19,FRM  ,2,T,3,EVRGRN,0,Positive,Positive,Positive,0,0
1629898.227,12777016.68,133701149.8,N,0,INR,13,N,0,HK,13,OVDFT-LIAB,3,L,1,Inventory Position Amount,12,PPSL ,3,T,3,EVRGRN,0,Positive,Positive,Positive,0,0
-1629898.227,-12777016.68,-133701149.8,N,0,INR,13,N,0,HK,13,OVDFT-LIAB,3,L,1,Inventory Position Amount,12,PPSL ,3,T,3,EVRGRN,0,Positive,Positive,Positive,0,0
0,0,0,N,0,BRL,1,N,0,LU,23,OVDFT-LIAB,3,L,1,Inventory Position Amount,12,PPSL ,3,T,3,EVRGRN,0,Positive,Positive,Positive,0,0
-12995.71,-12995.71,-12995.71,N,0,USD,30,N,0,JE,17,CASH,0,A,0,Principal Balance,19,C    ,1,S,2,EVRGRN,0,Positive,Positive,Positive,0,0
153242042.4,153242042.4,2670625694,N,0,ZAR,32,N,0,US,35,CASH,0,A,0,Principal Balance,19,C    ,1,G,1,EVRGRN,0,Positive,Positive,Positive,0,0
-28078867,-28078867,-28078867,N,0,USD,30,N,0,US,35,CASH,0,A,0,Principal Balance,19,C    ,1,G,1,EVRGRN,0,Positive,Positive,Positive,0,0
0,0,0,N,0,TWD,29,N,0,HK,13,MULTIPROD,2,S,3,Account Sum of DB Transactions,1,C    ,1,A,0,EVRGRN,0,Positive,Positive,Zero,0,0
0,0,0,N,0,TWD,29,N,0,HK,13,MULTIPROD,2,S,3,Account Sum of CR Transactions,0,C    ,1,A,0,EVRGRN,0,Positive,Positive,Zero,0,0
-1648.16651,-135026,-135026,N,0,INR,13,N,0,IN,16,MULTIPROD,2,S,3,Account Sum of DB Transactions,1,C    ,1,A,0,EVRGRN,0,Positive,Positive,Zero,0,0
-1648.16651,-135026,-135026,N,0,INR,13,N,0,IN,16,MULTIPROD,2,S,3,Account Sum of CR Transactions,0,C    ,1,A,0,EVRGRN,0,Positive,Positive,Zero,0,0
0,0,0,Y,1,CRC,6,N,0,CR,7,CASH,0,A,0,Principal Balance,19,PPSL ,3,T,3,FIXED,1,Positive,Positive,Positive,0,0
0,0,0,Y,1,CRC,6,N,0,CR,7,MULTI-LNS2,1,A,0,Accrued Interest Amount,3,PPSL ,3,T,3,FIXED,1,Positive,Positive,Positive,0,0
-29765.888,-17791666.67,-17791666.67,Y,1,CRC,6,N,0,CR,7,CASH,0,R,2,Interest Income P&L,11,PPSL ,3,T,3,FIXED,1,Positive,Positive,Positive,0,0
0,0,0,Y,1,USD,30,N,0,GB,12,MULTIPROD,2,S,3,GENESIS DEFAULT,8,C    ,1,T,3,EVRGRN,0,Positive,Positive,Positive,0,0
-25663.88528,-841443,-841443,N,0,THB,27,N,0,TH,31,MULTIPROD,2,S,3,Account Sum of DB Transactions,1,C    ,1,A,0,EVRGRN,0,Positive,Positive,Zero,0,0
-155793.4778,-5108008,-5108008,N,0,THB,27,N,0,TH,31,MULTIPROD,2,S,3,Account Sum of CR Transactions,0,C    ,1,A,0,EVRGRN,0,Positive,Positive,Zero,0,0
-457073.19,-457073.19,-457073.19,N,0,USD,30,N,0,GB,12,CASH,0,A,0,Principal Balance,19,C    ,1,S,2,EVRGRN,0,Positive,Positive,Positive,0,0
-1409251.6,-1409251.6,-1409251.6,N,0,USD,30,N,0,HK,13,CASH,0,A,0,Principal Balance,19,C    ,1,S,2,EVRGRN,0,Positive,Positive,Positive,0,0
137076.37,137076.37,137076.37,Y,1,USD,30,N,0,DE,8,CASH,0,A,0,Principal Balance,19,C    ,1,S,2,EVRGRN,0,Positive,Positive,Positive,0,0
7988739.68,7988739.68,7988739.68,N,0,USD,30,N,0,SG,30,CASH,0,A,0,Principal Balance,19,C    ,1,S,2,EVRGRN,0,Positive,Positive,Positive,0,0
-294603,-294603,-294603,N,0,USD,30,N,0,US,35,CASH,0,A,0,Principal Balance,19,C    ,1,S,2,EVRGRN,0,Positive,Positive,Positive,0,0
256010065.3,256010065.3,256010065.3,Y,1,USD,30,N,0,IN,16,OVDFT-LIAB,3,L,1,Principal Balance,19,C    ,1,S,2,EVRGRN,0,Positive,Positive,Positive,0,0
-124610.01,-124610.01,-124610.01,Y,1,USD,30,N,0,TH,31,OVDFT-LIAB,3,L,1,Principal Balance,19,C    ,1,S,2,EVRGRN,0,Positive,Positive,Positive,0,0
1990.31,1990.31,1990.31,N,0,USD,30,N,0,MX,24,CASH,0,A,0,Principal Balance,19,C    ,1,S,2,EVRGRN,0,Positive,Positive,Positive,0,0
3.28,3.28,3.28,N,0,USD,30,N,0,US,35,CASH,0,A,0,Principal Balance,19,C    ,1,S,2,EVRGRN,0,Positive,Positive,Positive,0,0
-61298.37,-61298.37,-61298.37,N,0,USD,30,N,0,MX,24,CASH,0,A,0,Principal Balance,19,C    ,1,S,2,EVRGRN,0,Positive,Positive,Positive,0,0
-352932.66,-352932.66,-352932.66,N,0,USD,30,N,0,US,35,CASH,0,A,0,Principal Balance,19,C    ,1,S,2,EVRGRN,0,Positive,Positive,Positive,0,0
7680229.309,251812062.4,251812062.4,N,0,THB,27,N,0,TH,31,OVDFT-LIAB,3,L,1,Inventory Position Amount,12,PPSL ,3,T,3,EVRGRN,0,Positive,Positive,Positive,1,1
-7680158.544,-251809742.2,-251809742.2,N,0,THB,27,N,0,TH,31,OVDFT-LIAB,3,L,1,Inventory Position Amount,12,PPSL ,3,T,3,EVRGRN,0,Positive,Positive,Positive,1,1
-7248835.312,-237667925.8,-237667925.8,N,0,THB,27,N,0,TH,31,CASH,0,A,0,Principal Balance,19,PPSL ,3,T,3,EVRGRN,0,Positive,Positive,Positive,0,0
7274651.694,238514368.8,238514368.8,N,0,THB,27,N,0,TH,31,CASH,0,A,0,Principal Balance,19,PPSL ,3,T,3,EVRGRN,0,Positive,Positive,Positive,0,0
-252900.612,-8291865,-8291865,N,0,THB,27,N,0,TH,31,CASH,0,A,0,Principal Balance,19,ADJSL,0,T,3,EVRGRN,0,Zero,Positive,Positive,0,0
27233.18,27233.18,27233.18,N,0,USD,30,N,0,DE,8,CASH,0,A,0,Principal Balance,19,C    ,1,S,2,EVRGRN,0,Positive,Positive,Positive,0,0
0,0,0,Y,1,USD,30,N,0,US,35,CASH,0,A,0,Principal Balance,19,PPSL ,3,T,3,FIXED,1,Positive,Positive,Positive,0,0
0,0,0,Y,1,USD,30,N,0,US,35,MULTI-LNS2,1,A,0,Accrued Interest Amount,3,PPSL ,3,T,3,FIXED,1,Positive,Positive,Positive,0,0
-23023.32,-23023.32,-23023.32,Y,1,USD,30,N,0,US,35,CASH,0,R,2,Interest Income P&L,11,PPSL ,3,T,3,FIXED,1,Positive,Positive,Positive,0,0
0,0,0,Y,1,USD,30,N,0,US,35,CASH,0,A,0,Principal Balance,19,PPSL ,3,T,3,FIXED,1,Positive,Positive,Positive,0,0
0,0,0,Y,1,USD,30,N,0,US,35,CASH,0,A,0,Principal Balance,19,PPSL ,3,T,3,FIXED,1,Positive,Positive,Positive,0,0
0,0,0,Y,1,USD,30,N,0,US,35,MULTI-LNS2,1,A,0,Accrued Interest Amount,3,PPSL ,3,T,3,FIXED,1,Positive,Positive,Positive,0,0
-114.95,-114.95,-114.95,Y,1,USD,30,N,0,US,35,CASH,0,R,2,Interest Income P&L,11,PPSL ,3,T,3,FIXED,1,Positive,Positive,Positive,0,0
0,0,0,Y,1,USD,30,N,0,US,35,CASH,0,A,0,Principal Balance,19,PPSL ,3,T,3,FIXED,1,Positive,Positive,Positive,0,0
1013790.99,1013790.99,1013790.99,Y,1,USD,30,N,0,DE,8,CASH,0,A,0,Principal Balance,19,C    ,1,S,2,EVRGRN,0,Positive,Positive,Positive,0,0
0,0,0,Y,1,RUB,24,Y,1,GB,12,OVDFT-LIAB,3,L,1,Inventory Position Amount,12,PPSL ,3,T,3,EVRGRN,0,Positive,Positive,Positive,0,0
163.123,132.502,11447.2,Y,1,RUB,24,Y,1,GB,12,CASH,0,A,0,Principal Balance,19,PPSL ,3,T,3,EVRGRN,0,Positive,Positive,Positive,0,0
0,0,0,Y,1,USD,30,N,0,US,35,CASH,0,A,0,Principal Balance,19,PPSL ,3,T,3,FIXED,1,Positive,Positive,Positive,0,0
0,0,0,Y,1,USD,30,N,0,US,35,MULTI-LNS2,1,A,0,Accrued Interest Amount,3,PPSL ,3,T,3,FIXED,1,Positive,Positive,Positive,0,0
986486.54,986486.54,986486.54,Y,1,USD,30,N,0,US,35,CASH,0,A,0,Principal Balance,19,PPSL ,3,T,3,FIXED,1,Positive,Positive,Positive,0,0
141120.06,141120.06,141120.06,Y,1,USD,30,N,0,US,35,CASH,0,A,0,Principal Balance,19,PPSL ,3,T,3,FIXED,1,Positive,Positive,Positive,0,0
-3747.61,-3747.61,-3747.61,Y,1,USD,30,N,0,US,35,CASH,0,R,2,Interest Income P&L,11,PPSL ,3,T,3,FIXED,1,Positive,Positive,Positive,0,0
-134.16,-134.16,-134.16,Y,1,USD,30,N,0,US,35,CASH,0,R,2,Interest Income P&L,11,PPSL ,3,T,3,FIXED,1,Positive,Positive,Positive,0,0
0,0,0,Y,1,JPY,14,N,0,DE,8,CASH,0,S,3,Commitments and Contingencies,6,PPSL ,3,T,3,FIXED,1,Positive,Positive,Positive,0,0
0,0,0,Y,1,JPY,14,N,0,DE,8,CASH,0,A,0,Principal Balance,19,PPSL ,3,T,3,FIXED,1,Positive,Positive,Positive,0,0
43.563,35.63,40.45,Y,1,EUR,10,N,0,GB,12,CASH,0,R,2,Interest Income P&L,11,PPSL ,3,T,3,FIXED,1,Positive,Positive,Positive,0,0
-82.939,-67.84,-82.9,Y,1,USD,30,N,0,GB,12,CASH,0,R,2,Interest Income P&L,11,PPSL ,3,T,3,FIXED,1,Positive,Positive,Positive,0,0
-1230.07,-999.163,-1132.609,Y,1,EUR,10,N,0,GB,12,MULTI-LNS2,1,A,0,Accrued Interest Amount,3,PPSL ,3,T,3,FIXED,1,Positive,Positive,Positive,0,0
3056.42,2482.674,3056.42,Y,1,USD,30,N,0,GB,12,MULTI-LNS2,1,A,0,Accrued Interest Amount,3,PPSL ,3,T,3,FIXED,1,Positive,Positive,Positive,0,0
0,0,0,N,0,KRW,15,Y,1,LU,23,OVDFT-LIAB,3,L,1,Inventory Position Amount,12,PPSL ,3,T,3,EVRGRN,0,Positive,Positive,Positive,1,1
-786.015,-728.5,-14773.05,Y,1,TRY,28,N,0,LU,23,CASH,0,R,2,Interest Income P&L,11,PPSL ,3,T,3,FIXED,1,Positive,Positive,Positive,0,0
0,0,0,Y,1,TRY,28,N,0,LU,23,CASH,0,S,3,Commitments and Contingencies,6,PPSL ,3,T,3,FIXED,1,Positive,Positive,Positive,0,0
0,0,0,N,0,BRL,1,Y,1,GB,12,OVDFT-LIAB,3,L,1,Inventory Position Amount,12,PPSL ,3,T,3,EVRGRN,0,Positive,Positive,Positive,1,1
0,0,0,Y,1,BRL,1,N,0,GB,12,OVDFT-LIAB,3,L,1,Inventory Position Amount,12,PPSL ,3,T,3,EVRGRN,0,Positive,Positive,Positive,0,0
0,0,0,N,0,EGP,9,N,0,GB,12,OVDFT-LIAB,3,L,1,Inventory Position Amount,12,PPSL ,3,T,3,EVRGRN,0,Positive,Positive,Positive,0,0
0,0,0,N,0,KRW,15,N,0,GB,12,OVDFT-LIAB,3,L,1,Inventory Position Amount,12,PPSL ,3,T,3,EVRGRN,0,Positive,Positive,Positive,0,0
0,0,0,Y,1,TRY,28,N,0,LU,23,CASH,0,A,0,Principal Balance,19,PPSL ,3,T,3,FIXED,1,Positive,Positive,Positive,0,0
0,0,0,Y,1,TRY,28,N,0,LU,23,MULTI-LNS2,1,A,0,Accrued Interest Amount,3,PPSL ,3,T,3,FIXED,1,Positive,Positive,Positive,0,0
-85.26,-85.26,-85.26,Y,1,USD,30,N,0,JE,17,CASH,0,A,0,Principal Balance,19,C    ,1,S,2,EVRGRN,0,Positive,Positive,Positive,0,0
322684866.5,322684866.5,322684866.5,N,0,USD,30,N,0,US,35,CASH,0,A,0,Principal Balance,19,C    ,1,G,1,EVRGRN,0,Positive,Positive,Positive,0,0
3261.16,3261.16,3261.16,N,0,USD,30,N,0,US,35,CASH,0,A,0,Principal Balance,19,C    ,1,G,1,EVRGRN,0,Positive,Positive,Positive,0,0
-5883,-5883,-5883,N,0,USD,30,N,0,US,35,CASH,0,A,0,Principal Balance,19,C    ,1,G,1,EVRGRN,0,Positive,Positive,Positive,0,0
403071,403071,403071,N,0,USD,30,N,0,US,35,CASH,0,A,0,Principal Balance,19,C    ,1,G,1,EVRGRN,0,Positive,Positive,Positive,0,0
651.62,651.62,6655,N,0,MAD,16,N,0,US,35,CASH,0,A,0,Principal Balance,19,C    ,1,G,1,EVRGRN,0,Positive,Positive,Positive,0,0
-8.65,-8.65,-86.4,N,0,NOK,19,N,0,US,35,OVDFT-LIAB,3,L,1,Principal Balance,19,C    ,1,G,1,EVRGRN,0,Positive,Positive,Positive,0,0
49430.22599,27552465.94,49430.33,N,0,USD,30,N,0,CR,7,CASH,0,A,0,Principal Balance,19,C    ,1,T,3,EVRGRN,0,Positive,Positive,Positive,0,0
0,0,0,Y,1,CAD,2,N,0,CA,4,CASH,0,A,0,Principal Balance,19,PPSL ,3,T,3,FIXED,1,Positive,Positive,Positive,0,0
-225431.813,-302157.53,-302157.53,Y,1,CAD,2,N,0,CA,4,CASH,0,R,2,Interest Income P&L,11,PPSL ,3,T,3,FIXED,1,Positive,Positive,Positive,0,0
0,0,0,Y,1,CAD,2,N,0,CA,4,MULTI-LNS2,1,A,0,Commission Agency Receivable,5,PPSL ,3,T,3,FIXED,1,Positive,Positive,Positive,0,0
250000000,250000000,250000000,Y,1,USD,30,N,0,US,35,CASH,0,A,0,Principal Balance,19,PPSL ,3,T,3,FIXED,1,Positive,Positive,Positive,0,0
0,0,0,Y,1,USD,30,N,0,US,35,CASH,0,A,0,Principal Balance,19,PPSL ,3,T,3,FIXED,1,Positive,Positive,Positive,0,0
1371479.58,1371479.58,1371479.58,Y,1,USD,30,N,0,US,35,MULTI-LNS2,1,A,0,Accrued Interest Amount,3,PPSL ,3,T,3,FIXED,1,Positive,Positive,Positive,0,0
0,0,0,Y,1,USD,30,N,0,US,35,MULTI-LNS2,1,A,0,Accrued Interest Amount,3,PPSL ,3,T,3,FIXED,1,Positive,Positive,Positive,0,0
-13575.09,-13575.09,-13575.09,Y,1,USD,30,N,0,US,35,CASH,0,R,2,Interest Income P&L,11,PPSL ,3,T,3,FIXED,1,Positive,Positive,Positive,0,0
-360303.95,-360303.95,-360303.95,Y,1,USD,30,N,0,US,35,CASH,0,R,2,Interest Income P&L,11,PPSL ,3,T,3,FIXED,1,Positive,Positive,Positive,0,0
423297,423297,423297,Y,1,USD,30,N,0,US,35,CASH,0,A,0,Principal Balance,19,PPSL ,3,T,3,FIXED,1,Positive,Positive,Positive,0,0
6153.41,6153.41,6153.41,Y,1,USD,30,N,0,US,35,MULTI-LNS2,1,A,0,Accrued Interest Amount,3,PPSL ,3,T,3,FIXED,1,Positive,Positive,Positive,0,0
-1834.19,-1834.19,-1834.19,Y,1,USD,30,N,0,US,35,CASH,0,R,2,Interest Income P&L,11,PPSL ,3,T,3,FIXED,1,Positive,Positive,Positive,0,0
0,0,0,N,0,GBP,11,N,0,JE,17,MULTIPROD,2,S,3,Trans Notional Payable (FS),22,PPSL ,3,T,3,EVRGRN,0,Positive,Positive,Positive,1,1
-0.037,-0.03,-0.03,N,0,GBP,11,N,0,JE,17,MULTIPROD,2,R,2,MTM P&L-FX Revaluation,16,PPSL ,3,T,3,EVRGRN,0,Positive,Positive,Positive,0,0
0,0,0,N,0,NZD,20,N,0,JE,17,MULTIPROD,2,S,3,Trans Notional Payable (FS),22,PPSL ,3,T,3,EVRGRN,0,Positive,Positive,Positive,1,1
-2767.125,-2263.42,-2766.62,Y,1,USD,30,N,0,GB,12,CASH,0,R,2,Interest Income P&L,11,PPSL ,3,T,3,FIXED,1,Positive,Positive,Positive,0,0
-1741.205,-1424.25,-1740.91,Y,1,USD,30,N,0,GB,12,CASH,0,R,2,Interest Income P&L,11,PPSL ,3,T,3,FIXED,1,Positive,Positive,Positive,0,0
7749.859,6295.069,7749.86,Y,1,USD,30,N,0,GB,12,MULTI-LNS2,1,A,0,Accrued Interest Amount,3,PPSL ,3,T,3,FIXED,1,Positive,Positive,Positive,0,0
20526.56,16673.349,20526.56,Y,1,USD,30,N,0,GB,12,MULTI-LNS2,1,A,0,Accrued Interest Amount,3,PPSL ,3,T,3,FIXED,1,Positive,Positive,Positive,0,0
0,0,0,N,0,TWD,29,N,0,LU,23,OVDFT-LIAB,3,L,1,Inventory Position Amount,12,PPSL ,3,T,3,EVRGRN,0,Positive,Positive,Positive,1,1
0,0,0,Y,1,USD,30,N,0,IE,15,OVDFT-LIAB,3,L,1,Inventory Position Amount,12,PPSL ,3,T,3,EVRGRN,0,Positive,Positive,Positive,0,0
411746,411746,411746,N,0,USD,30,N,0,US,35,CASH,0,A,0,Principal Balance,19,C    ,1,G,1,EVRGRN,0,Positive,Positive,Positive,0,0
380570,380570,380570,N,0,USD,30,N,0,US,35,CASH,0,A,0,Principal Balance,19,C    ,1,G,1,EVRGRN,0,Positive,Positive,Positive,0,0
