BASE_CCY_AMT,FNCT_CCY_AMT,TXN_CCY_AMT,IB_FLAG,TXN_CCY,OPER_DPST_FLAG,LV_DMC_CTRY,FRS_ACCOUNT_CLASS,ACCT_TYP,ACTG_UNIT_NM,ROW_SRC_IND,REC_TYP,ARRG_MAT_TYP_CD,BASE_CCY_AMT_TYPE,FNCT_CCY_AMT_TYPE,TXN_CCY_AMT_TYPE
-33146.28177,-2306739.76,-2306739.76,Y,RUB,N,RU,MULTIPROD,S,Treasury Trn Px PL - Funding Exp,C    ,T,FIXED,Positive,Positive,Positive
0,0,0,Y,RUB,N,RU,MULTIPROD,S,MTD Avg Principal Balance CR,C    ,T,FIXED,Positive,Positive,Positive
-4023409.6,-280000000,-280000000,Y,RUB,N,RU,MULTIPROD,S,MTD Avg Principal Balance DB,C    ,T,FIXED,Positive,Positive,Positive
0,0,0,N,THB,N,TH,MULTIPROD,S,Account Sum of CR Transactions,C    ,A,EVRGRN,Positive,Positive,Zero
0,0,0,N,THB,N,TH,MULTIPROD,S,Account Sum of DB Transactions,C    ,A,EVRGRN,Positive,Positive,Zero
0,0,0,Y,AUD,N,AU,MULTIPROD,S,Treasury Trn Px PL - Funding Exp,C    ,T,EVRGRN,Positive,Positive,Positive
-92.22831,-1382526,-84.86,Y,EUR,N,ID,MULTIPROD,S,Account Sum of DB Transactions,C    ,A,EVRGRN,Positive,Positive,Zero
105555000,150000000,150000000,Y,AUD,N,AU,MULTIPROD,S,Original Principal,C    ,T,EVRGRN,Positive,Positive,Positive
5052696.114,7180184.9,7180184.9,Y,AUD,N,AU,MULTIPROD,S,Since Inception-Interest Accrue,C    ,T,EVRGRN,Positive,Positive,Positive
0,0,0,Y,AUD,N,AU,MULTIPROD,S,Overdue Penalty Interest,C    ,T,EVRGRN,Positive,Positive,Positive
-7839.57935,-117517304,0,Y,EUR,N,ID,MULTIPROD,S,Account Sum of CR Transactions,C    ,A,EVRGRN,Positive,Positive,Zero
0,0,0,Y,AUD,N,AU,MULTIPROD,S,Scheduled Principal Balance Amt,C    ,T,EVRGRN,Positive,Positive,Positive
0,0,0,Y,AUD,N,AU,MULTIPROD,S,CE - Unpaid Principal Bal Amt,C    ,T,EVRGRN,Positive,Positive,Positive
0,0,0,Y,AUD,N,AU,MULTIPROD,S,Interest IENC-Not Due,C    ,T,EVRGRN,Positive,Positive,Positive
0,0,0,Y,AUD,N,AU,MULTIPROD,S,Interest IENC-Due,C    ,T,EVRGRN,Positive,Positive,Positive
1557.04,1557.04,1557.04,N,USD,N,US,CASH,A,Principal Balance,C    ,S,EVRGRN,Positive,Positive,Positive
-14902.94,-14902.94,-14902.94,N,USD,N,LU,CASH,A,Principal Balance,C    ,S,EVRGRN,Positive,Positive,Positive
-2829094.67,-2829094.67,-2829094.67,N,USD,N,US,CASH,A,Principal Balance,C    ,S,EVRGRN,Positive,Positive,Positive
18907.713,283426617.8,17482.86,Y,EUR,N,ID,CASH,A,Principal Balance,PPSL ,T,EVRGRN,Positive,Positive,Positive
1566489.734,23481681112,1448441.74,Y,EUR,N,ID,CASH,A,Principal Balance,PPSL ,T,EVRGRN,Positive,Positive,Positive
-671739.681,-22024362.51,-22024362.51,N,THB,N,TH,CASH,A,Principal Balance,PPSL ,T,EVRGRN,Positive,Positive,Positive
581.951,19080.461,19080.461,N,THB,N,TH,CASH,A,Principal Balance,PPSL ,T,EVRGRN,Positive,Positive,Positive
671310.229,22010282.05,22010282.05,N,THB,N,TH,CASH,A,Principal Balance,PPSL ,T,EVRGRN,Positive,Positive,Positive
-152.499,-5000,-5000,N,THB,N,TH,CASH,A,Principal Balance,ADJSL,T,EVRGRN,Zero,Positive,Positive
-56841.29,-56841.29,-56841.29,N,USD,N,DE,CASH,A,Principal Balance,C    ,S,EVRGRN,Positive,Positive,Positive
0,0,0,Y,USD,N,GB,CASH,S,Commitments and Contingencies,PPSL ,T,FIXED,Positive,Positive,Positive
0,0,0,N,BRL,N,GB,OVDFT-LIAB,L,Inventory Position Amount,PPSL ,T,EVRGRN,Positive,Positive,Positive
0,0,0,N,CNY,Y,GB,OVDFT-LIAB,L,Inventory Position Amount,PPSL ,T,EVRGRN,Positive,Positive,Positive
0,0,0,N,CNY,Y,GB,CASH,A,Principal Balance,PPSL ,T,EVRGRN,Positive,Positive,Positive
22932625.91,18627752.34,154954606.7,N,CNY,Y,GB,CASH,A,Principal Balance,PPSL ,T,EVRGRN,Positive,Positive,Positive
0,0,0,Y,USD,N,US,CASH,A,Principal Balance,PPSL ,T,FIXED,Positive,Positive,Positive
0,0,0,Y,USD,N,US,MULTI-LNS2,A,Accrued Interest Amount,PPSL ,T,FIXED,Positive,Positive,Positive
-2656.06,-2656.06,-2656.06,Y,USD,N,US,CASH,R,Interest Income P&L,PPSL ,T,FIXED,Positive,Positive,Positive
168522.98,168522.98,168522.98,Y,USD,N,US,CASH,A,Principal Balance,PPSL ,T,FIXED,Positive,Positive,Positive
281397.6,281397.6,281397.6,Y,USD,N,US,CASH,A,Principal Balance,PPSL ,T,FIXED,Positive,Positive,Positive
-638.28,-638.28,-638.28,Y,USD,N,US,CASH,R,Interest Income P&L,PPSL ,T,FIXED,Positive,Positive,Positive
-1081.67,-1081.67,-1081.67,Y,USD,N,US,CASH,R,Interest Income P&L,PPSL ,T,FIXED,Positive,Positive,Positive
-1613.69,-1613.69,-1480.11,Y,EUR,N,JE,MULTIPROD,R,Transfer Pricing P&L,PPSL ,T,FIXED,Positive,Positive,Positive
0,0,0,Y,EUR,N,JE,CASH,S,Commitments and Contingencies,PPSL ,T,FIXED,Positive,Positive,Positive
-697.039,-570.08,-570.08,Y,GBP,N,GB,CASH,R,Interest Income P&L,PPSL ,T,FIXED,Positive,Positive,Positive
-205.636,-168.18,-168.18,Y,GBP,N,GB,CASH,R,Interest Income P&L,PPSL ,T,FIXED,Positive,Positive,Positive
4482.62,3641.15,3641.15,Y,GBP,N,GB,MULTI-LNS2,A,Accrued Interest Amount,PPSL ,T,FIXED,Positive,Positive,Positive
2330.891,1893.34,1893.34,Y,GBP,N,GB,MULTI-LNS2,A,Accrued Interest Amount,PPSL ,T,FIXED,Positive,Positive,Positive
-426.104,-344.87,-426.1,Y,USD,N,GB,CASH,R,Interest Income P&L,PPSL ,T,FIXED,Positive,Positive,Positive
0,0,0,Y,USD,N,GB,MULTIPROD,S,Letter of Credit-Issued,PPSL ,T,FIXED,Positive,Positive,Positive
0,0,0,Y,USD,N,GB,MULTIPROD,S,Trans Notional Recvable (FS),PPSL ,T,FIXED,Positive,Positive,Positive
0,0,0,Y,USD,N,GB,MULTI-LNS2,A,Accrued Interest Amount,PPSL ,T,FIXED,Positive,Positive,Positive
0,0,0,Y,PLN,N,NL,CASH,S,Commitments and Contingencies,PPSL ,T,FIXED,Positive,Positive,Positive
-36058.063,-33308.45,-156233.28,Y,PLN,N,NL,CASH,R,Interest Income P&L,PPSL ,T,FIXED,Positive,Positive,Positive
0,0,0,Y,PLN,N,NL,MULTI-LNS2,A,Accrued Interest Amount,PPSL ,T,FIXED,Positive,Positive,Positive
0,0,0,Y,PLN,N,NL,CASH,A,Principal Balance,PPSL ,T,FIXED,Positive,Positive,Positive
-3259.39362,-106865.89,-106865.89,N,THB,N,TH,MULTIPROD,S,Account Sum of CR Transactions,C    ,A,EVRGRN,Positive,Positive,Zero
-1885.4501,-61818.34,-61818.34,N,THB,N,TH,MULTIPROD,S,Account Sum of DB Transactions,C    ,A,EVRGRN,Positive,Positive,Zero
3057041.32,3057041.32,3057041.32,N,USD,N,SG,CASH,A,Principal Balance,C    ,S,EVRGRN,Positive,Positive,Positive
-1786.191,-1664.98,-1648.65,Y,CHF,N,LU,CASH,R,Interest Income P&L,PPSL ,T,FIXED,Positive,Positive,Positive
0,0,0,Y,CHF,N,LU,CASH,S,Commitments and Contingencies,PPSL ,T,FIXED,Positive,Positive,Positive
0,0,0,Y,CHF,N,LU,CASH,A,Principal Balance,PPSL ,T,FIXED,Positive,Positive,Positive
0,0,0,Y,CHF,N,LU,MULTI-LNS2,A,Accrued Interest Amount,PPSL ,T,FIXED,Positive,Positive,Positive
4023410.501,280000000,280000000,Y,RUB,N,RU,CASH,A,Principal Balance,PPSL ,T,FIXED,Positive,Positive,Positive
113581.43,7904438.36,7904438.36,Y,RUB,N,RU,MULTI-LNS2,A,Accrued Interest Amount,PPSL ,T,FIXED,Positive,Positive,Positive
-38272.003,-2663452.06,-2663452.06,Y,RUB,N,RU,CASH,R,Interest Income P&L,PPSL ,T,FIXED,Positive,Positive,Positive
0,0,0,Y,RUB,N,RU,MULTI-LNS2,A,Accrued Interest Amount,PPSL ,T,FIXED,Positive,Positive,Positive
424025.83,424025.83,424025.83,Y,USD,N,US,CASH,A,Principal Balance,C    ,S,EVRGRN,Positive,Positive,Positive
7477440.14,7477440.14,7477440.14,Y,USD,N,US,CASH,A,Principal Balance,C    ,S,EVRGRN,Positive,Positive,Positive
-67687.8,-67687.8,-67687.8,Y,USD,N,GB,CASH,A,Principal Balance,C    ,S,EVRGRN,Positive,Positive,Positive
-91063.37,-91063.37,-91063.37,Y,USD,N,DE,CASH,A,Principal Balance,C    ,S,EVRGRN,Positive,Positive,Positive
49780.609,40435.878,49780.61,N,USD,N,GB,CASH,S,Commitments and Contingencies,PPSL ,T,FIXED,Positive,Positive,Positive
5046.875,4099.484,4647,Y,EUR,N,GB,CASH,A,Principal Balance,PPSL ,T,FIXED,Positive,Positive,Positive
0,0,0,Y,GBP,N,GB,CASH,A,Principal Balance,PPSL ,T,FIXED,Positive,Positive,Positive
-160.853,-130.66,-130.66,Y,GBP,N,GB,CASH,R,Interest Income P&L,PPSL ,T,FIXED,Positive,Positive,Positive
0.043,0.035,0.04,Y,EUR,N,GB,MULTI-LNS2,A,Accrued Interest Amount,PPSL ,T,FIXED,Positive,Positive,Positive
0,0,0,Y,GBP,N,GB,MULTI-LNS2,A,Accrued Interest Amount,PPSL ,T,FIXED,Positive,Positive,Positive
1119436.84,1119436.84,1119436.84,Y,USD,N,US,CASH,A,Principal Balance,PPSL ,T,FIXED,Positive,Positive,Positive
845.73,845.73,845.73,Y,USD,N,US,MULTI-LNS2,A,Accrued Interest Amount,PPSL ,T,FIXED,Positive,Positive,Positive
-845.73,-845.73,-845.73,Y,USD,N,US,CASH,R,Interest Income P&L,PPSL ,T,FIXED,Positive,Positive,Positive
12.373,10.12,11.46,Y,EUR,N,GB,CASH,R,Interest Income P&L,PPSL ,T,FIXED,Positive,Positive,Positive
-3.046,-2.47,-2.83,Y,EUR,N,GB,CASH,R,Interest Income P&L,PPSL ,T,FIXED,Positive,Positive,Positive
3.074,2.497,2.83,Y,EUR,N,GB,MULTI-LNS2,A,Accrued Interest Amount,PPSL ,T,FIXED,Positive,Positive,Positive
-165.449,-134.391,-152.34,Y,EUR,N,GB,MULTI-LNS2,A,Accrued Interest Amount,PPSL ,T,FIXED,Positive,Positive,Positive
0,0,0,Y,EUR,N,GB,MULTIPROD,S,Letter of Credit-Issued,PPSL ,T,FIXED,Positive,Positive,Positive
0,0,0,Y,EUR,N,GB,MULTIPROD,S,Trans Notional Recvable (FS),PPSL ,T,FIXED,Positive,Positive,Positive
407.77,376.415,4271.56,N,SEK,Y,LU,CASH,A,Principal Balance,PPSL ,T,EVRGRN,Positive,Positive,Positive
-72738.494,-72738.494,-1593944.15,Y,CZK,N,GB,CASH,A,Principal Balance,C    ,G,EVRGRN,Positive,Positive,Positive
145839433.3,145839433.3,145839433.3,N,USD,N,US,CASH,A,Principal Balance,C    ,G,EVRGRN,Positive,Positive,Positive
555690065.2,555690065.2,555690065.2,N,USD,N,US,CASH,A,Principal Balance,C    ,G,EVRGRN,Positive,Positive,Positive
-55725541.5,-55725541.5,-55725541.5,N,USD,N,US,CASH,A,Principal Balance,C    ,G,EVRGRN,Positive,Positive,Positive
-391300518.1,-391300518.1,-391300518.1,N,USD,N,US,CASH,A,Principal Balance,C    ,G,EVRGRN,Positive,Positive,Positive
-823872429.4,-823872429.4,-823872429.4,N,USD,N,US,CASH,A,Principal Balance,C    ,G,EVRGRN,Positive,Positive,Positive
391300518.1,391300518.1,391300518.1,N,USD,N,US,CASH,A,Principal Balance,C    ,G,EVRGRN,Positive,Positive,Positive
30987257.2,30987257.2,30987257.2,Y,USD,N,US,CASH,A,Principal Balance,C    ,G,EVRGRN,Positive,Positive,Positive
-1164285.89,-1164285.89,-1164285.89,Y,USD,N,US,CASH,A,Principal Balance,C    ,G,EVRGRN,Positive,Positive,Positive
-39792,-39792,-39792,N,USD,N,US,CASH,A,Principal Balance,C    ,G,EVRGRN,Positive,Positive,Positive
255.73,255.73,255.73,N,USD,N,US,CASH,A,Principal Balance,C    ,G,EVRGRN,Positive,Positive,Positive
-456460482.8,-456460482.8,-456460482.8,N,USD,N,US,CASH,A,Principal Balance,C    ,G,EVRGRN,Positive,Positive,Positive
-38541515.45,-38541515.45,-38541515.45,N,USD,N,US,CASH,A,Principal Balance,C    ,G,EVRGRN,Positive,Positive,Positive
-1.8,-1.8,-1.8,N,USD,N,US,CASH,A,Principal Balance,C    ,G,EVRGRN,Positive,Positive,Positive
23372620,23372620,23372620,N,USD,N,US,CASH,A,Principal Balance,C    ,G,EVRGRN,Positive,Positive,Positive
73909.438,1392380,1392380,N,MXN,N,MX,CASH,A,Principal Balance,C    ,G,EVRGRN,Positive,Positive,Positive
69817.04,69817.04,69817.04,N,USD,N,HK,CASH,A,Principal Balance,C    ,S,EVRGRN,Positive,Positive,Positive
-462049411.6,-462049411.6,-462049411.6,Y,USD,N,US,CASH,A,Principal Balance,C    ,S,EVRGRN,Positive,Positive,Positive
612109.79,612109.79,612109.79,N,USD,N,CA,CASH,A,Principal Balance,C    ,S,EVRGRN,Positive,Positive,Positive
3508.71,3508.71,3508.71,N,USD,N,GB,CASH,A,Principal Balance,C    ,S,EVRGRN,Positive,Positive,Positive
367920,367920,367920,N,USD,N,US,CASH,A,Principal Balance,C    ,S,EVRGRN,Positive,Positive,Positive
0.76,0.76,0.76,Y,USD,N,SG,CASH,A,Principal Balance,C    ,S,EVRGRN,Positive,Positive,Positive
21512.54,21512.54,21512.54,N,USD,N,MX,CASH,A,Principal Balance,C    ,S,EVRGRN,Positive,Positive,Positive
65.716,53.38,60.58,Y,EUR,N,GB,CASH,R,Interest Income P&L,PPSL ,T,FIXED,Positive,Positive,Positive
-1326.403,-1077.413,-1221.31,Y,EUR,N,GB,MULTI-LNS2,A,Accrued Interest Amount,PPSL ,T,FIXED,Positive,Positive,Positive
-840.418,-682.656,-773.83,Y,EUR,N,GB,MULTI-LNS2,A,Accrued Interest Amount,PPSL ,T,FIXED,Positive,Positive,Positive
123293.825,100149.318,113525,Y,EUR,N,GB,CASH,A,Principal Balance,PPSL ,T,FIXED,Positive,Positive,Positive
0,0,0,N,ZMW,Y,GB,CASH,A,Principal Balance,PPSL ,T,EVRGRN,Positive,Positive,Positive
0,0,0,Y,USD,N,US,CASH,A,Principal Balance,PPSL ,T,FIXED,Positive,Positive,Positive
0,0,0,Y,USD,N,US,MULTI-LNS2,A,Accrued Interest Amount,PPSL ,T,FIXED,Positive,Positive,Positive
-3663.64,-3663.64,-3663.64,Y,USD,N,US,CASH,R,Interest Income P&L,PPSL ,T,FIXED,Positive,Positive,Positive
139728.76,139728.76,139728.76,Y,USD,N,US,CASH,A,Principal Balance,PPSL ,T,FIXED,Positive,Positive,Positive
786.59,786.59,786.59,Y,USD,N,US,MULTI-LNS2,A,Accrued Interest Amount,PPSL ,T,FIXED,Positive,Positive,Positive
-567.08,-567.08,-567.08,Y,USD,N,US,CASH,R,Interest Income P&L,PPSL ,T,FIXED,Positive,Positive,Positive
2530000,2530000,2530000,Y,USD,N,US,CASH,A,Principal Balance,PPSL ,T,FIXED,Positive,Positive,Positive
-4671.88,-4671.88,-4671.88,Y,USD,N,US,CASH,R,Interest Income P&L,PPSL ,T,FIXED,Positive,Positive,Positive
4671.88,4671.88,4671.88,Y,USD,N,US,MULTI-LNS2,A,Accrued Interest Amount,PPSL ,T,FIXED,Positive,Positive,Positive
0,0,0,Y,ZAR,N,TW,CASH,A,Principal Balance,PPSL ,T,FIXED,Positive,Positive,Positive
0,0,0,Y,ZAR,N,TW,MULTI-LNS2,A,Accrued Interest Amount,PPSL ,T,FIXED,Positive,Positive,Positive
-328.7,-328.7,-5609.98,Y,ZAR,N,TW,CASH,R,Interest Income P&L,PPSL ,T,FIXED,Positive,Positive,Positive
-6370805.93,-6370805.93,-6370805.93,N,USD,N,BS,CASH,A,Principal Balance,C    ,T,EVRGRN,Positive,Positive,Positive
-82.103,-75.79,-860.06,N,SEK,N,DE,CASH,A,Principal Balance,C    ,G,EVRGRN,Positive,Positive,Positive
-9251.8,-9251.8,-9251.8,N,USD,N,US,CASH,A,Principal Balance,C    ,G,EVRGRN,Positive,Positive,Positive
-442034603.9,-442034603.9,-442034603.9,N,USD,N,US,CASH,A,Principal Balance,C    ,G,EVRGRN,Positive,Positive,Positive
0,0,0,N,KRW,N,SG,MULTIPROD,S,Account Sum of DB Transactions,C    ,A,EVRGRN,Positive,Positive,Zero
0,0,0,N,KRW,N,SG,MULTIPROD,S,Account Sum of CR Transactions,C    ,A,EVRGRN,Positive,Positive,Zero
-278.28,-278.28,-278.28,N,USD,N,JO,CASH,A,Principal Balance,C    ,S,EVRGRN,Positive,Positive,Positive
-22408.16,-22408.16,-22408.16,N,USD,N,GB,CASH,A,Principal Balance,C    ,S,EVRGRN,Positive,Positive,Positive
549430.04,549430.04,549430.04,N,USD,N,BD,CASH,A,Principal Balance,C    ,S,EVRGRN,Positive,Positive,Positive
1471905.06,1471905.06,34519349570,Y,VND,N,GB,CASH,A,Principal Balance,C    ,T,EVRGRN,Positive,Positive,Positive
2515728.232,3311704.644,3099134976,N,KRW,N,SG,OVDFT-LIAB,L,Inventory Position Amount,PPSL ,T,EVRGRN,Positive,Positive,Positive
-2539718.516,-3343285.455,-3128688697,N,KRW,N,SG,CASH,A,Principal Balance,PPSL ,T,EVRGRN,Positive,Positive,Positive
2539718.516,3343285.455,3128688697,N,KRW,N,SG,CASH,A,Principal Balance,PPSL ,T,EVRGRN,Positive,Positive,Positive
-2515728.232,-3311704.644,-3099134976,N,KRW,N,SG,OVDFT-LIAB,L,Inventory Position Amount,PPSL ,T,EVRGRN,Positive,Positive,Positive
0,0,0,N,CLP,Y,GB,OVDFT-LIAB,L,Inventory Position Amount,PPSL ,T,EVRGRN,Positive,Positive,Positive
0,0,0,Y,USD,N,BG,MULTI-LNS2,A,Accrued Interest Amount,C    ,T,FIXED,Positive,Positive,Positive
-9566.67069,-17272.05,-9566.67,Y,USD,N,BG,CASH,R,Interest Income P&L,C    ,T,FIXED,Positive,Positive,Positive
0,0,0,Y,USD,N,BG,CASH,A,Principal Balance,C    ,T,FIXED,Positive,Positive,Positive
0,0,0,Y,USD,N,GB,MULTIPROD,S,GENESIS DEFAULT,C    ,T,EVRGRN,Positive,Positive,Positive
-170903.46,-170903.46,-170903.46,Y,USD,N,US,CASH,A,Principal Balance,C    ,S,EVRGRN,Positive,Positive,Positive
0,0,0,Y,USD,N,US,CASH,A,Principal Balance,PPSL ,T,FIXED,Positive,Positive,Positive
0,0,0,Y,USD,N,US,MULTI-LNS2,A,Accrued Interest Amount,PPSL ,T,FIXED,Positive,Positive,Positive
0,0,0,Y,USD,N,US,CASH,A,Principal Balance,PPSL ,T,FIXED,Positive,Positive,Positive
0,0,0,Y,USD,N,US,MULTI-LNS2,A,Accrued Fee Amount,PPSL ,T,FIXED,Positive,Positive,Positive
-1199.667,-36522,-36522,Y,TWD,N,TW,MULTIPROD,R,Transfer Pricing P&L,PPSL ,T,FIXED,Positive,Positive,Positive
0,0,0,N,BRL,Y,LU,OVDFT-LIAB,L,Inventory Position Amount,PPSL ,T,EVRGRN,Positive,Positive,Positive
0,0,0,Y,ZAR,N,GB,CASH,S,Commitments and Contingencies,PPSL ,T,FIXED,Positive,Positive,Positive
-12.143,-9.99,-204.33,Y,ZAR,N,GB,CASH,R,Interest Income P&L,PPSL ,T,FIXED,Positive,Positive,Positive
0,0,0,Y,ZAR,N,GB,CASH,A,Principal Balance,PPSL ,T,FIXED,Positive,Positive,Positive
0,0,0,Y,ZAR,N,GB,MULTI-LNS2,A,Accrued Interest Amount,PPSL ,T,FIXED,Positive,Positive,Positive
-1216112.5,-1216112.5,-1216112.5,N,USD,N,US,CASH,A,Principal Balance,C    ,G,EVRGRN,Positive,Positive,Positive
10000,10000,10000,N,USD,N,US,CASH,A,Principal Balance,C    ,G,EVRGRN,Positive,Positive,Positive
-5182840.53,-5182840.53,-5182840.53,N,USD,N,BS,CASH,A,Principal Balance,C    ,G,EVRGRN,Positive,Positive,Positive
22706315,22706315,22706315,N,USD,N,US,CASH,A,Principal Balance,C    ,G,EVRGRN,Positive,Positive,Positive
3668926.73,3668926.73,3668926.73,N,USD,N,BS,CASH,A,Principal Balance,C    ,G,EVRGRN,Positive,Positive,Positive
-235794379.9,-235794379.9,-217111900.8,N,EUR,N,US,CASH,A,Principal Balance,C    ,G,EVRGRN,Positive,Positive,Positive
667519,667519,667519,N,USD,N,US,CASH,A,Principal Balance,C    ,G,EVRGRN,Positive,Positive,Positive
-50936704,-50936704,-50936704,N,USD,N,US,CASH,A,Principal Balance,C    ,G,EVRGRN,Positive,Positive,Positive
88626.71,88626.71,88626.71,N,USD,N,US,CASH,A,Principal Balance,C    ,G,EVRGRN,Positive,Positive,Positive
180180,180180,180180,N,USD,N,US,CASH,A,Principal Balance,C    ,G,EVRGRN,Positive,Positive,Positive
-5,-5,-5,N,USD,N,US,CASH,A,Principal Balance,C    ,G,EVRGRN,Positive,Positive,Positive
-64489.618,-1214920,-1214920,N,MXN,N,MX,CASH,A,Principal Balance,C    ,G,EVRGRN,Positive,Positive,Positive
-155009.52,-155009.52,-155009.52,N,USD,N,KE,CASH,A,Principal Balance,C    ,S,EVRGRN,Positive,Positive,Positive
5003.71,5003.71,5003.71,N,USD,N,PH,CASH,A,Principal Balance,C    ,S,EVRGRN,Positive,Positive,Positive
7473.16,7473.16,7473.16,Y,USD,N,LU,CASH,A,Principal Balance,C    ,S,EVRGRN,Positive,Positive,Positive
-197479155.8,-197479155.8,-197479155.8,Y,USD,N,US,CASH,A,Principal Balance,C    ,S,EVRGRN,Positive,Positive,Positive
219668.97,219668.97,219668.97,Y,USD,N,HK,CASH,A,Principal Balance,C    ,S,EVRGRN,Positive,Positive,Positive
-1747368651,-1747368651,-1747368651,N,USD,N,GB,CASH,A,Principal Balance,C    ,T,EVRGRN,Positive,Positive,Positive
0,0,0,N,AUD,N,GB,OVDFT-LIAB,L,Inventory Position Amount,PPSL ,T,EVRGRN,Positive,Positive,Positive
-1181.024,-965.91,-965.91,Y,GBP,N,GB,CASH,R,Interest Income P&L,PPSL ,T,FIXED,Positive,Positive,Positive
-72.091,-58.96,-58.96,Y,GBP,N,GB,CASH,R,Interest Income P&L,PPSL ,T,FIXED,Positive,Positive,Positive
12351.614,10032.99,10032.99,Y,GBP,N,GB,MULTI-LNS2,A,Accrued Interest Amount,PPSL ,T,FIXED,Positive,Positive,Positive
2528.827,2054.12,2054.12,Y,GBP,N,GB,MULTI-LNS2,A,Accrued Interest Amount,PPSL ,T,FIXED,Positive,Positive,Positive
-819958.62,-819958.62,-819958.62,N,USD,N,HK,CASH,A,Principal Balance,C    ,G,EVRGRN,Positive,Positive,Positive
-142.541,-963.14,-963.14,Y,CNY,N,CN,CASH,A,Principal Balance,C    ,G,EVRGRN,Positive,Positive,Positive
286478.339,264449.681,265295.92,Y,CHF,Y,LU,CASH,A,Principal Balance,PPSL ,T,EVRGRN,Positive,Positive,Positive
76637.167,6278500,6278500,N,INR,N,IN,CASH,A,Principal Balance,C    ,G,EVRGRN,Positive,Positive,Positive
2555.344,3409.72,3409.72,Y,CAD,N,CA,CASH,A,Principal Balance,C    ,G,EVRGRN,Positive,Positive,Positive
-216845.69,-216845.69,-216845.69,N,USD,N,US,CASH,A,Principal Balance,C    ,G,EVRGRN,Positive,Positive,Positive
-49662.93,-935600,-935600,N,MXN,N,MX,CASH,A,Principal Balance,C    ,G,EVRGRN,Positive,Positive,Positive
1056990.062,589167500,589167500,N,CRC,N,CR,CASH,A,Principal Balance,C    ,T,EVRGRN,Positive,Positive,Positive
0,0,0,Y,USD,N,VN,MULTIPROD,S,CE - Unpaid Principal Bal Amt,C    ,T,FIXED,Positive,Positive,Positive
0,0,0,Y,USD,N,VN,MULTIPROD,S,Interest IENC-Due,C    ,T,FIXED,Positive,Positive,Positive
75243.077,1764612500,75250,Y,USD,N,VN,MULTIPROD,S,Treasury Trn Px PL - Funding Exp,C    ,T,FIXED,Positive,Positive,Positive
75243.077,1764612500,75250,Y,USD,N,VN,MULTIPROD,S,Since Inception-Interest Accrue,C    ,T,FIXED,Positive,Positive,Positive
0,0,0,Y,USD,N,VN,MULTIPROD,S,Overdue Penalty Interest,C    ,T,FIXED,Positive,Positive,Positive
0,0,0,Y,USD,N,VN,MULTIPROD,S,Scheduled Principal Balance Amt,C    ,T,FIXED,Positive,Positive,Positive
-950447.13,-950447.13,-950447.13,N,USD,N,GB,CASH,A,Principal Balance,C    ,S,EVRGRN,Positive,Positive,Positive
-25.76,-25.76,-25.76,N,USD,N,US,CASH,A,Principal Balance,C    ,S,EVRGRN,Positive,Positive,Positive
-27312500,-27312500,-27312500,N,USD,N,US,CASH,S,Forward Dated Assets - Buy,C    ,S,EVRGRN,Positive,Positive,Positive
31805.72,31805.72,31805.72,N,USD,N,MX,CASH,A,Principal Balance,C    ,S,EVRGRN,Positive,Positive,Positive
-31.55,-31.55,-31.55,Y,USD,N,GB,CASH,A,Principal Balance,C    ,S,EVRGRN,Positive,Positive,Positive
-216311427.4,-216311427.4,-216311427.4,N,USD,N,BS,CASH,A,Principal Balance,C    ,S,EVRGRN,Positive,Positive,Positive
149106.28,149106.28,149106.28,Y,USD,N,IE,OVDFT-LIAB,L,Principal Balance,C    ,S,EVRGRN,Positive,Positive,Positive
581262.48,581262.48,581262.48,N,USD,N,MX,CASH,A,Principal Balance,C    ,S,EVRGRN,Positive,Positive,Positive
0,0,0,Y,DKK,N,GB,CASH,S,Commitments and Contingencies,PPSL ,T,FIXED,Positive,Positive,Positive
-1820.29,-1478.59,-12454.54,Y,DKK,N,GB,MULTIPROD,R,Interest Income P&L,PPSL ,T,FIXED,Positive,Positive,Positive
0,0,0,N,VND,Y,GB,OVDFT-LIAB,L,Inventory Position Amount,PPSL ,T,EVRGRN,Positive,Positive,Positive
0,0,0,N,PKR,Y,GB,OVDFT-LIAB,L,Inventory Position Amount,PPSL ,T,EVRGRN,Positive,Positive,Positive
0,0,0,Y,USD,N,TN,CASH,S,Commitments and Contingencies,PPSL ,T,FIXED,Positive,Positive,Positive
-1570.83,-4778.936,-1570.83,Y,USD,N,TN,CASH,R,Interest Income P&L,PPSL ,T,FIXED,Positive,Positive,Positive
1570.83,4778.936,1570.83,Y,USD,N,TN,MULTI-LNS2,A,Accrued Interest Amount,PPSL ,T,FIXED,Positive,Positive,Positive
13000000,39549900,13000000,Y,USD,N,TN,CASH,A,Principal Balance,PPSL ,T,FIXED,Positive,Positive,Positive
0,0,0,Y,USD,N,US,CASH,A,Principal Balance,PPSL ,T,FIXED,Positive,Positive,Positive
0,0,0,Y,USD,N,US,MULTI-LNS2,A,Accrued Interest Amount,PPSL ,T,FIXED,Positive,Positive,Positive
249469.57,249469.57,249469.57,Y,USD,N,US,CASH,A,Principal Balance,PPSL ,T,FIXED,Positive,Positive,Positive
575724.75,575724.75,575724.75,Y,USD,N,US,CASH,A,Principal Balance,PPSL ,T,FIXED,Positive,Positive,Positive
-856.68,-856.68,-856.68,Y,USD,N,US,CASH,R,Interest Income P&L,PPSL ,T,FIXED,Positive,Positive,Positive
-1088.46,-1088.46,-1088.46,Y,USD,N,US,CASH,R,Interest Income P&L,PPSL ,T,FIXED,Positive,Positive,Positive
4165.34,4165.34,4165.34,N,USD,N,GB,CASH,A,Principal Balance,C    ,G,EVRGRN,Positive,Positive,Positive
-25.37,-25.37,-25.37,N,USD,N,US,CASH,A,Principal Balance,C    ,G,EVRGRN,Positive,Positive,Positive
11418302.73,11418302.73,11418302.73,N,USD,N,US,CASH,A,Principal Balance,C    ,G,EVRGRN,Positive,Positive,Positive
30087561,30087561,30087561,N,USD,N,US,CASH,A,Principal Balance,C    ,G,EVRGRN,Positive,Positive,Positive
-6985830.24,-6985830.24,-6985830.24,N,USD,N,US,CASH,A,Principal Balance,C    ,G,EVRGRN,Positive,Positive,Positive
487680.45,487680.45,487680.45,N,USD,N,US,CASH,A,Principal Balance,C    ,G,EVRGRN,Positive,Positive,Positive
-4602998.1,-4602998.1,-4602998.1,N,USD,N,US,CASH,A,Principal Balance,C    ,G,EVRGRN,Positive,Positive,Positive
295589.979,5568620,5568620,N,MXN,N,MX,CASH,A,Principal Balance,C    ,G,EVRGRN,Positive,Positive,Positive
0,0,0,N,TWD,N,SG,MULTIPROD,S,Account Sum of DB Transactions,C    ,A,EVRGRN,Positive,Positive,Zero
0,0,0,N,TWD,N,SG,MULTIPROD,S,Account Sum of CR Transactions,C    ,A,EVRGRN,Positive,Positive,Zero
-2395579.55,-2395579.55,-2395579.55,Y,USD,N,AU,CASH,A,Principal Balance,C    ,S,EVRGRN,Positive,Positive,Positive
70085.7,70085.7,70085.7,N,USD,N,JP,CASH,A,Principal Balance,C    ,S,EVRGRN,Positive,Positive,Positive
-0.04,-0.04,-0.04,N,USD,N,US,CASH,A,Principal Balance,C    ,S,EVRGRN,Positive,Positive,Positive
-744803.29,-744803.29,-744803.29,N,USD,N,US,CASH,A,Principal Balance,C    ,S,EVRGRN,Positive,Positive,Positive
3478.41,3478.41,3478.41,N,USD,N,US,CASH,A,Principal Balance,C    ,S,EVRGRN,Positive,Positive,Positive
1174779.9,1174779.9,1174779.9,Y,USD,N,GA,CASH,A,Principal Balance,C    ,S,EVRGRN,Positive,Positive,Positive
62600.45,62600.45,62600.45,N,USD,N,MX,CASH,A,Principal Balance,C    ,S,EVRGRN,Positive,Positive,Positive
0,0,0,Y,USD,N,GB,CASH,S,Commitments and Contingencies,PPSL ,T,FIXED,Positive,Positive,Positive
-5836.587,-4740.95,-5859.58,Y,USD,N,GB,CASH,R,Interest Income P&L,PPSL ,T,FIXED,Positive,Positive,Positive
0,0,0,Y,USD,N,GB,MULTI-LNS2,A,Accrued Interest Amount,PPSL ,T,FIXED,Positive,Positive,Positive
0,0,0,Y,USD,N,GB,CASH,A,Principal Balance,PPSL ,T,FIXED,Positive,Positive,Positive
0,0,0,Y,USD,N,US,CASH,A,Principal Balance,PPSL ,T,FIXED,Positive,Positive,Positive
0,0,0,Y,USD,N,US,MULTI-LNS2,A,Accrued Interest Amount,PPSL ,T,FIXED,Positive,Positive,Positive
-24.584,-20.11,-22.82,Y,EUR,N,GB,CASH,R,Interest Income P&L,PPSL ,T,FIXED,Positive,Positive,Positive
110.342,89.629,101.6,Y,EUR,N,GB,MULTI-LNS2,A,Accrued Interest Amount,PPSL ,T,FIXED,Positive,Positive,Positive
0,0,0,N,IDR,Y,LU,OVDFT-LIAB,L,Inventory Position Amount,PPSL ,T,EVRGRN,Positive,Positive,Positive
-0.004,-0.004,-5,N,KRW,Y,LU,OVDFT-LIAB,L,Inventory Position Amount,PPSL ,T,EVRGRN,Positive,Positive,Positive
0,0,0,Y,MYR,Y,LU,OVDFT-LIAB,L,Inventory Position Amount,PPSL ,T,EVRGRN,Positive,Positive,Positive
34374455.5,34374455.5,34374455.5,N,USD,N,US,CASH,A,Principal Balance,C    ,G,EVRGRN,Positive,Positive,Positive
-5,-5,-5,N,USD,N,US,CASH,A,Principal Balance,C    ,G,EVRGRN,Positive,Positive,Positive
-6562150254,-6562150254,-6562150254,N,USD,N,US,CASH,A,Principal Balance,C    ,G,EVRGRN,Positive,Positive,Positive
850,850,850,N,USD,N,US,CASH,A,Principal Balance,C    ,G,EVRGRN,Positive,Positive,Positive
-10,-10,-10,N,USD,N,US,CASH,A,Principal Balance,C    ,G,EVRGRN,Positive,Positive,Positive
-6544.459,-6544.459,-68519.17,N,SEK,N,US,CASH,A,Principal Balance,C    ,G,EVRGRN,Positive,Positive,Positive
209238.798,3941850,3941850,N,MXN,N,MX,CASH,A,Principal Balance,C    ,G,EVRGRN,Positive,Positive,Positive
-2.89572,-22.7,0,N,CNY,N,HK,MULTIPROD,S,Account Sum of CR Transactions,C    ,A,EVRGRN,Positive,Positive,Zero
0,0,0,N,CNY,N,HK,MULTIPROD,S,Account Sum of DB Transactions,C    ,A,EVRGRN,Positive,Positive,Zero
0,0,0,N,INR,N,IN,MULTIPROD,S,Account Sum of DB Transactions,C    ,A,EVRGRN,Positive,Positive,Zero
0,0,0,N,INR,N,IN,MULTIPROD,S,Account Sum of CR Transactions,C    ,A,EVRGRN,Positive,Positive,Zero
304988.9991,1326092.17,304988.9995,N,USD,N,PL,CASH,A,Principal Balance,C    ,G,EVRGRN,Positive,Positive,Positive
1023.59,1023.59,1023.59,Y,USD,N,DE,CASH,A,Principal Balance,C    ,S,EVRGRN,Positive,Positive,Positive
2.17,2.17,2.17,N,USD,N,CH,CASH,A,Principal Balance,C    ,S,EVRGRN,Positive,Positive,Positive
-5763.43,-5763.43,-4652.62,Y,GBP,N,LK,MULTIPROD,S,Account Sum of DB Transactions,C    ,A,EVRGRN,Positive,Positive,Zero
-3529.05,-3529.05,-452.08,Y,GBP,N,LK,MULTIPROD,S,Account Sum of CR Transactions,C    ,A,EVRGRN,Positive,Positive,Zero
0.01,0.01,0.01,N,USD,N,US,CASH,A,Principal Balance,C    ,S,EVRGRN,Positive,Positive,Positive
18.52,18.52,18.52,N,USD,N,GB,CASH,A,Principal Balance,C    ,S,EVRGRN,Positive,Positive,Positive
-7377401.284,-7377401.284,-5992284.68,Y,GBP,N,LK,CASH,A,Principal Balance,PPSL ,T,EVRGRN,Positive,Positive,Positive
7847631.085,7847631.085,6374228.23,Y,GBP,N,LK,CASH,A,Principal Balance,PPSL ,T,EVRGRN,Positive,Positive,Positive
10735.406,10735.406,8719.82,Y,GBP,N,LK,CASH,A,Principal Balance,PPSL ,T,EVRGRN,Positive,Positive,Positive
-56723800,-56723800,-56723800,Y,USD,N,KR,CASH,A,Principal Balance,C    ,S,EVRGRN,Positive,Positive,Positive
0,0,0,Y,CAD,N,GB,CASH,S,Commitments and Contingencies,PPSL ,T,FIXED,Positive,Positive,Positive
-150699.848,-122410.73,-201369.86,Y,CAD,N,GB,CASH,R,Interest Income P&L,PPSL ,T,FIXED,Positive,Positive,Positive
0,0,0,Y,CAD,N,GB,MULTI-LNS2,A,Accrued Interest Amount,PPSL ,T,FIXED,Positive,Positive,Positive
0,0,0,Y,CAD,N,GB,CASH,A,Principal Balance,PPSL ,T,FIXED,Positive,Positive,Positive
0,0,0,Y,MYR,N,GB,OVDFT-LIAB,L,Inventory Position Amount,PPSL ,T,EVRGRN,Positive,Positive,Positive
2500000,2500000,2500000,Y,USD,N,US,CASH,A,Principal Balance,PPSL ,T,FIXED,Positive,Positive,Positive
7987.78,7987.78,7987.78,Y,USD,N,US,MULTI-LNS2,A,Accrued Interest Amount,PPSL ,T,FIXED,Positive,Positive,Positive
-7987.78,-7987.78,-7987.78,Y,USD,N,US,CASH,R,Interest Income P&L,PPSL ,T,FIXED,Positive,Positive,Positive
5000000,5000000,5000000,Y,USD,N,US,CASH,A,Principal Balance,PPSL ,T,FIXED,Positive,Positive,Positive
0,0,0,Y,USD,N,US,CASH,A,Principal Balance,PPSL ,T,FIXED,Positive,Positive,Positive
0,0,0,Y,USD,N,US,CASH,A,Principal Balance,PPSL ,T,FIXED,Positive,Positive,Positive
186161361.9,186161361.9,186161361.9,Y,USD,N,US,CASH,A,Principal Balance,PPSL ,T,FIXED,Positive,Positive,Positive
22235.94,22235.94,22235.94,Y,USD,N,US,MULTI-LNS2,A,Accrued Interest Amount,PPSL ,T,FIXED,Positive,Positive,Positive
0,0,0,Y,USD,N,US,MULTI-LNS2,A,Accrued Interest Amount,PPSL ,T,FIXED,Positive,Positive,Positive
0,0,0,Y,USD,N,US,MULTI-LNS2,A,Accrued Interest Amount,PPSL ,T,FIXED,Positive,Positive,Positive
634.86,634.86,634.86,Y,USD,N,US,MULTI-LNS2,A,Accrued Interest Amount,PPSL ,T,FIXED,Positive,Positive,Positive
-634.86,-634.86,-634.86,Y,USD,N,US,CASH,R,Interest Income P&L,PPSL ,T,FIXED,Positive,Positive,Positive
-187545.35,-187545.35,-187545.35,Y,USD,N,US,CASH,R,Interest Income P&L,PPSL ,T,FIXED,Positive,Positive,Positive
-913.75,-913.75,-913.75,Y,USD,N,US,CASH,R,Interest Income P&L,PPSL ,T,FIXED,Positive,Positive,Positive
-22235.94,-22235.94,-22235.94,Y,USD,N,US,CASH,R,Interest Income P&L,PPSL ,T,FIXED,Positive,Positive,Positive
45600,45600,45600,Y,USD,N,US,CASH,A,Principal Balance,PPSL ,T,FIXED,Positive,Positive,Positive
0,0,0,Y,USD,N,US,CASH,A,Principal Balance,PPSL ,T,FIXED,Positive,Positive,Positive
459.7,459.7,459.7,Y,USD,N,US,MULTI-LNS2,A,Accrued Interest Amount,PPSL ,T,FIXED,Positive,Positive,Positive
-190.01,-190.01,-190.01,Y,USD,N,US,CASH,R,Interest Income P&L,PPSL ,T,FIXED,Positive,Positive,Positive
-1285.03,-39054,-39054,Y,TWD,N,TW,MULTIPROD,R,Transfer Pricing P&L,PPSL ,T,FIXED,Positive,Positive,Positive
-186615.52,-186615.52,-174350,Y,EUR,N,IE,CASH,R,Interest Income P&L,PPSL ,T,FIXED,Positive,Positive,Positive
0,0,0,Y,EUR,N,IE,CASH,S,Commitments and Contingencies,PPSL ,T,FIXED,Positive,Positive,Positive
0,0,0,Y,EUR,N,IE,MULTI-LNS2,A,Accrued Interest Amount,PPSL ,T,FIXED,Positive,Positive,Positive
0,0,0,Y,EUR,N,IE,CASH,A,Principal Balance,PPSL ,T,FIXED,Positive,Positive,Positive
3501,3501,3501,N,USD,N,US,CASH,A,Principal Balance,C    ,G,EVRGRN,Positive,Positive,Positive
-850598071.9,-850598071.9,-850598071.9,N,USD,N,US,CASH,A,Principal Balance,C    ,G,EVRGRN,Positive,Positive,Positive
695,695,695,N,USD,N,US,CASH,A,Principal Balance,C    ,G,EVRGRN,Positive,Positive,Positive
-29866.918,-29866.918,-27500.5,N,EUR,N,US,CASH,A,Principal Balance,C    ,G,EVRGRN,Positive,Positive,Positive
-2317256606,-2317256606,-2317256606,N,USD,N,US,CASH,A,Principal Balance,C    ,G,EVRGRN,Positive,Positive,Positive
64278.354,1210940,1210940,N,MXN,N,MX,CASH,A,Principal Balance,C    ,G,EVRGRN,Positive,Positive,Positive
0,0,0,N,BRL,N,HK,MULTIPROD,S,Account Sum of DB Transactions,C    ,A,EVRGRN,Positive,Positive,Zero
0,0,0,N,BRL,N,HK,MULTIPROD,S,Account Sum of CR Transactions,C    ,A,EVRGRN,Positive,Positive,Zero
-31450502.45,-2.30E+11,-2.30E+11,N,PYG,Y,PY,MULTIPROD,S,Account Sum of DB Transactions,C    ,A,EVRGRN,Positive,Positive,Zero
-33013209.9,-2.41E+11,-2.41E+11,N,PYG,Y,PY,MULTIPROD,S,Account Sum of CR Transactions,C    ,A,EVRGRN,Positive,Positive,Zero
-322464511.9,-322464511.9,-322464511.9,Y,USD,N,PH,CASH,A,Principal Balance,C    ,S,EVRGRN,Positive,Positive,Positive
458743.32,458743.32,458743.32,N,USD,N,BS,CASH,A,Principal Balance,C    ,S,EVRGRN,Positive,Positive,Positive
168238.27,168238.27,168238.27,N,USD,N,US,CASH,A,Principal Balance,C    ,S,EVRGRN,Positive,Positive,Positive
16.24,16.24,16.24,N,USD,N,US,CASH,A,Principal Balance,C    ,S,EVRGRN,Positive,Positive,Positive
151022.87,151022.87,151022.87,N,USD,N,MX,CASH,A,Principal Balance,C    ,S,EVRGRN,Positive,Positive,Positive
-3944114.86,-3944114.86,-3944114.86,N,USD,N,US,CASH,A,Principal Balance,C    ,S,EVRGRN,Positive,Positive,Positive
0,0,0,Y,USD,N,US,CASH,A,Principal Balance,PPSL ,T,FIXED,Positive,Positive,Positive
0,0,0,Y,USD,N,US,MULTI-LNS2,A,Accrued Interest Amount,PPSL ,T,FIXED,Positive,Positive,Positive
-28142.89,-28142.89,-28142.89,Y,USD,N,US,CASH,R,Interest Income P&L,PPSL ,T,FIXED,Positive,Positive,Positive
0,0,0,Y,USD,N,US,CASH,A,Principal Balance,PPSL ,T,FIXED,Positive,Positive,Positive
0,0,0,Y,USD,N,US,MULTI-LNS2,A,Accrued Interest Amount,PPSL ,T,FIXED,Positive,Positive,Positive
-146.17,-146.17,-146.17,Y,USD,N,US,CASH,R,Interest Income P&L,PPSL ,T,FIXED,Positive,Positive,Positive
35340.07,35340.07,35340.07,Y,USD,N,US,CASH,A,Principal Balance,PPSL ,T,FIXED,Positive,Positive,Positive
-86.59,-86.59,-86.59,Y,USD,N,US,CASH,R,Interest Income P&L,PPSL ,T,FIXED,Positive,Positive,Positive
-6505.929,-51000.952,-33288.57,N,BRL,N,HK,CASH,A,Principal Balance,PPSL ,T,EVRGRN,Positive,Positive,Positive
5541.85,5541.85,5541.85,N,USD,N,GB,CASH,A,Principal Balance,C    ,S,EVRGRN,Positive,Positive,Positive
92332.46,92332.46,92332.46,N,USD,N,US,CASH,A,Principal Balance,C    ,S,EVRGRN,Positive,Positive,Positive
2105476637,2105476637,2105476637,Y,USD,N,GB,CASH,A,Principal Balance,C    ,S,EVRGRN,Positive,Positive,Positive
-193.12,-193.12,-193.12,Y,USD,N,GB,CASH,A,Principal Balance,C    ,S,EVRGRN,Positive,Positive,Positive
-0.45,-0.45,-0.45,N,USD,N,US,CASH,A,Principal Balance,C    ,S,EVRGRN,Positive,Positive,Positive
0,0,0,Y,USD,N,GB,CASH,S,Commitments and Contingencies,PPSL ,T,FIXED,Positive,Positive,Positive
-92020.266,-74746.38,-90629.99,Y,USD,N,GB,MULTIPROD,R,Interest Income P&L,PPSL ,T,FIXED,Positive,Positive,Positive
0,0,0,N,BRL,N,GB,OVDFT-LIAB,L,Inventory Position Amount,PPSL ,T,EVRGRN,Positive,Positive,Positive
0,0,0,N,TWD,Y,GB,OVDFT-LIAB,L,Inventory Position Amount,PPSL ,T,EVRGRN,Positive,Positive,Positive
1906243.01,1906243.01,1906243.01,Y,USD,N,US,CASH,A,Principal Balance,PPSL ,T,FIXED,Positive,Positive,Positive
483.76,483.76,483.76,Y,USD,N,US,MULTI-LNS2,A,Accrued Interest Amount,PPSL ,T,FIXED,Positive,Positive,Positive
-483.76,-483.76,-483.76,Y,USD,N,US,CASH,R,Interest Income P&L,PPSL ,T,FIXED,Positive,Positive,Positive
0,0,0,Y,USD,N,US,CASH,A,Principal Balance,PPSL ,T,FIXED,Positive,Positive,Positive
0,0,0,Y,USD,N,US,CASH,A,Principal Balance,PPSL ,T,FIXED,Positive,Positive,Positive
0,0,0,Y,USD,N,US,MULTI-LNS2,A,Accrued Interest Amount,PPSL ,T,FIXED,Positive,Positive,Positive
0,0,0,Y,USD,N,US,MULTI-LNS2,A,Accrued Interest Amount,PPSL ,T,FIXED,Positive,Positive,Positive
-20640.46,-20640.46,-20640.46,Y,USD,N,US,CASH,R,Interest Income P&L,PPSL ,T,FIXED,Positive,Positive,Positive
-1821.7,-1821.7,-1821.7,Y,USD,N,US,CASH,R,Interest Income P&L,PPSL ,T,FIXED,Positive,Positive,Positive
1821.7,1821.7,1821.7,Y,USD,N,US,MULTI-LNS2,A,Accrued Interest Amount,PPSL ,T,FIXED,Positive,Positive,Positive
3000000,3000000,3000000,Y,USD,N,US,CASH,A,Principal Balance,PPSL ,T,FIXED,Positive,Positive,Positive
0,0,0,Y,JPY,N,FR,CASH,S,Commitments and Contingencies,PPSL ,T,FIXED,Positive,Positive,Positive
-132.45,-123.52,-1373.8,Y,SEK,N,DE,CASH,R,Interest Income P&L,PPSL ,T,FIXED,Positive,Positive,Positive
0,0,0,Y,SEK,N,DE,CASH,A,Principal Balance,PPSL ,T,FIXED,Positive,Positive,Positive
0,0,0,Y,SEK,N,DE,CASH,S,Commitments and Contingencies,PPSL ,T,FIXED,Positive,Positive,Positive
0,0,0,Y,SEK,N,DE,MULTI-LNS2,A,Accrued Interest Amount,PPSL ,T,FIXED,Positive,Positive,Positive
0,0,0,Y,USD,N,GB,MULTIPROD,S,Letter of Credit-Issued,PPSL ,T,FIXED,Positive,Positive,Positive
-13958.976,-11327.1,-13958.96,Y,USD,N,GB,CASH,R,Interest Income P&L,PPSL ,T,FIXED,Positive,Positive,Positive
0,0,0,Y,USD,N,GB,MULTIPROD,S,Trans Notional Recvable (FS),PPSL ,T,FIXED,Positive,Positive,Positive
13958.96,11338.608,13958.96,Y,USD,N,GB,MULTI-LNS2,A,Accrued Interest Amount,PPSL ,T,FIXED,Positive,Positive,Positive
0,0,0,Y,EUR,Y,ES,OVDFT-LIAB,L,Inventory Position Amount,PPSL ,T,EVRGRN,Positive,Positive,Positive
-75657800.59,-100953986.3,-100953986.3,Y,CAD,N,CA,CASH,A,Principal Balance,C    ,T,EVRGRN,Positive,Positive,Positive
879695.981,812052.049,1158635.86,Y,SGD,N,DE,CASH,A,Principal Balance,C    ,G,EVRGRN,Positive,Positive,Positive
-2479846040,-2289159097,-3.23E+11,N,JPY,N,DE,CASH,A,Principal Balance,C    ,G,EVRGRN,Positive,Positive,Positive
103095.5,103095.5,103095.5,N,USD,N,US,CASH,A,Principal Balance,C    ,G,EVRGRN,Positive,Positive,Positive
-672959017.4,-672959017.4,-672959017.4,N,USD,N,US,CASH,A,Principal Balance,C    ,G,EVRGRN,Positive,Positive,Positive
16184.21,16184.21,16184.21,N,USD,N,US,CASH,A,Principal Balance,C    ,G,EVRGRN,Positive,Positive,Positive
-452962.72,-452962.72,-452962.72,N,USD,N,US,CASH,A,Principal Balance,C    ,G,EVRGRN,Positive,Positive,Positive
-90739390.62,-90739390.62,-90739390.62,N,USD,N,US,CASH,A,Principal Balance,C    ,G,EVRGRN,Positive,Positive,Positive
-351512728.1,-351512728.1,-351512728.1,N,USD,N,US,CASH,A,Principal Balance,C    ,G,EVRGRN,Positive,Positive,Positive
1321885458,1321885458,1321885458,N,USD,N,US,CASH,A,Principal Balance,C    ,G,EVRGRN,Positive,Positive,Positive
0,0,0,N,TWD,N,SG,MULTIPROD,S,Account Sum of CR Transactions,C    ,A,EVRGRN,Positive,Positive,Zero
0,0,0,N,TWD,N,SG,MULTIPROD,S,Account Sum of DB Transactions,C    ,A,EVRGRN,Positive,Positive,Zero
0,0,0,N,TWD,N,HK,MULTIPROD,S,Account Sum of DB Transactions,C    ,A,EVRGRN,Positive,Positive,Zero
0,0,0,N,TWD,N,HK,MULTIPROD,S,Account Sum of CR Transactions,C    ,A,EVRGRN,Positive,Positive,Zero
0,0,0,Y,USD,N,GB,MULTIPROD,S,GENESIS DEFAULT,C    ,T,EVRGRN,Positive,Positive,Positive
-0.46,-0.46,-0.46,Y,USD,N,PH,CASH,A,Principal Balance,C    ,S,EVRGRN,Positive,Positive,Positive
30701773.58,30701773.58,30701773.58,N,USD,N,ZA,CASH,A,Principal Balance,C    ,S,EVRGRN,Positive,Positive,Positive
0.05,0.05,0.05,Y,USD,N,UA,OVDFT-LIAB,L,Principal Balance,C    ,S,EVRGRN,Positive,Positive,Positive
-96762976.69,-96762976.69,-96762976.69,N,USD,N,US,CASH,A,Principal Balance,C    ,S,EVRGRN,Positive,Positive,Positive
683998.39,683998.39,683998.39,Y,USD,N,GB,CASH,A,Principal Balance,C    ,S,EVRGRN,Positive,Positive,Positive
0,0,0,Y,USD,N,ZM,MULTI-LNS2,A,Accrued Interest Amount,PPSL ,T,FIXED,Positive,Positive,Positive
-2100,-38325,-2100,Y,USD,N,ZM,CASH,R,Interest Income P&L,PPSL ,T,FIXED,Positive,Positive,Positive
0,0,0,Y,USD,N,ZM,CASH,A,Principal Balance,PPSL ,T,FIXED,Positive,Positive,Positive
0,0,0,Y,USD,N,US,CASH,A,Principal Balance,PPSL ,T,FIXED,Positive,Positive,Positive
192003.13,192003.13,192003.13,Y,USD,N,US,CASH,A,Principal Balance,PPSL ,T,FIXED,Positive,Positive,Positive
0,0,0,Y,USD,N,US,CASH,A,Principal Balance,PPSL ,T,FIXED,Positive,Positive,Positive
38633.76,38633.76,38633.76,Y,USD,N,US,CASH,A,Principal Balance,PPSL ,T,FIXED,Positive,Positive,Positive
273.78,273.78,273.78,Y,USD,N,US,MULTI-LNS2,A,Accrued Interest Amount,PPSL ,T,FIXED,Positive,Positive,Positive
-784.41,-784.41,-784.41,Y,USD,N,US,CASH,R,Interest Income P&L,PPSL ,T,FIXED,Positive,Positive,Positive
-157.17,-157.17,-157.17,Y,USD,N,US,CASH,R,Interest Income P&L,PPSL ,T,FIXED,Positive,Positive,Positive
-146952.513,-119366.837,-135309.16,Y,EUR,N,GB,CASH,A,Principal Balance,PPSL ,T,EVRGRN,Positive,Positive,Positive
147591.248,119885.67,119885.67,Y,GBP,N,GB,CASH,A,Principal Balance,PPSL ,T,EVRGRN,Positive,Positive,Positive
-8782.457,-7182.81,-7182.81,Y,GBP,N,GB,CASH,R,Interest Income P&L,PPSL ,T,FIXED,Positive,Positive,Positive
0,0,0,N,BRL,N,HK,MULTIPROD,S,Account Sum of CR Transactions,C    ,A,EVRGRN,Positive,Positive,Zero
0,0,0,N,BRL,N,HK,MULTIPROD,S,Account Sum of DB Transactions,C    ,A,EVRGRN,Positive,Positive,Zero
0,0,0,N,INR,N,HK,MULTIPROD,S,Account Sum of DB Transactions,C    ,A,EVRGRN,Positive,Positive,Zero
0,0,0,N,INR,N,HK,MULTIPROD,S,Account Sum of CR Transactions,C    ,A,EVRGRN,Positive,Positive,Zero
-153040.56,-153040.56,-153040.56,N,USD,N,SG,CASH,A,Principal Balance,C    ,S,EVRGRN,Positive,Positive,Positive
0,0,0,Y,USD,N,GB,MULTIPROD,S,GENESIS DEFAULT,C    ,T,EVRGRN,Positive,Positive,Positive
-135865.63,-135865.63,-135865.63,N,USD,N,MX,CASH,A,Principal Balance,C    ,S,EVRGRN,Positive,Positive,Positive
82486342.58,82486342.58,82486342.58,Y,USD,N,TN,CASH,A,Principal Balance,C    ,S,EVRGRN,Positive,Positive,Positive
-263818909.9,-263818909.9,-263818909.9,Y,USD,N,GB,CASH,A,Principal Balance,C    ,S,EVRGRN,Positive,Positive,Positive
-19.74,-19.74,-16.04,Y,GBP,N,GB,CASH,A,Principal Balance,C    ,T,EVRGRN,Positive,Positive,Positive
330101501.2,330101501.2,303946872.7,Y,EUR,N,GB,CASH,A,Principal Balance,C    ,T,EVRGRN,Positive,Positive,Positive
2856.73,2856.73,2856.73,Y,USD,N,DE,CASH,A,Principal Balance,C    ,S,EVRGRN,Positive,Positive,Positive
149266,121246.04,149266,N,USD,N,GB,CASH,S,Commitments and Contingencies,PPSL ,T,FIXED,Positive,Positive,Positive
0,0,0,Y,USD,N,US,CASH,A,Principal Balance,PPSL ,T,FIXED,Positive,Positive,Positive
0,0,0,Y,USD,N,US,MULTI-LNS2,A,Accrued Interest Amount,PPSL ,T,FIXED,Positive,Positive,Positive
-2248.81,-2248.81,-2248.81,Y,USD,N,US,CASH,R,Interest Income P&L,PPSL ,T,FIXED,Positive,Positive,Positive
-1629898.227,-12777016.68,-133701149.8,N,INR,N,HK,CASH,A,Principal Balance,PPSL ,T,EVRGRN,Positive,Positive,Positive
1629898.227,12777016.68,133701149.8,N,INR,N,HK,CASH,A,Principal Balance,FRM  ,T,EVRGRN,Positive,Positive,Positive
1622359.36,12717918.38,133082733.8,N,INR,N,HK,CASH,A,Principal Balance,PPSL ,T,EVRGRN,Positive,Positive,Positive
-1629898.227,-12777016.68,-133701149.8,N,INR,N,HK,CASH,A,Principal Balance,FRM  ,T,EVRGRN,Positive,Positive,Positive
7538.867,59098.307,618416,N,INR,N,HK,CASH,A,Principal Balance,PPSL ,T,EVRGRN,Positive,Positive,Positive
-1629898.227,-12777016.68,-133701149.8,N,INR,N,HK,CASH,A,Principal Balance,FRM  ,T,EVRGRN,Positive,Positive,Positive
1629898.227,12777016.68,133701149.8,N,INR,N,HK,CASH,A,Principal Balance,FRM  ,T,EVRGRN,Positive,Positive,Positive
1629898.227,12777016.68,133701149.8,N,INR,N,HK,OVDFT-LIAB,L,Inventory Position Amount,PPSL ,T,EVRGRN,Positive,Positive,Positive
-1629898.227,-12777016.68,-133701149.8,N,INR,N,HK,OVDFT-LIAB,L,Inventory Position Amount,PPSL ,T,EVRGRN,Positive,Positive,Positive
0,0,0,N,BRL,N,LU,OVDFT-LIAB,L,Inventory Position Amount,PPSL ,T,EVRGRN,Positive,Positive,Positive
-12995.71,-12995.71,-12995.71,N,USD,N,JE,CASH,A,Principal Balance,C    ,S,EVRGRN,Positive,Positive,Positive
153242042.4,153242042.4,2670625694,N,ZAR,N,US,CASH,A,Principal Balance,C    ,G,EVRGRN,Positive,Positive,Positive
-28078867,-28078867,-28078867,N,USD,N,US,CASH,A,Principal Balance,C    ,G,EVRGRN,Positive,Positive,Positive
0,0,0,N,TWD,N,HK,MULTIPROD,S,Account Sum of DB Transactions,C    ,A,EVRGRN,Positive,Positive,Zero
0,0,0,N,TWD,N,HK,MULTIPROD,S,Account Sum of CR Transactions,C    ,A,EVRGRN,Positive,Positive,Zero
-1648.16651,-135026,-135026,N,INR,N,IN,MULTIPROD,S,Account Sum of DB Transactions,C    ,A,EVRGRN,Positive,Positive,Zero
-1648.16651,-135026,-135026,N,INR,N,IN,MULTIPROD,S,Account Sum of CR Transactions,C    ,A,EVRGRN,Positive,Positive,Zero
0,0,0,Y,CRC,N,CR,CASH,A,Principal Balance,PPSL ,T,FIXED,Positive,Positive,Positive
0,0,0,Y,CRC,N,CR,MULTI-LNS2,A,Accrued Interest Amount,PPSL ,T,FIXED,Positive,Positive,Positive
-29765.888,-17791666.67,-17791666.67,Y,CRC,N,CR,CASH,R,Interest Income P&L,PPSL ,T,FIXED,Positive,Positive,Positive
0,0,0,Y,USD,N,GB,MULTIPROD,S,GENESIS DEFAULT,C    ,T,EVRGRN,Positive,Positive,Positive
-25663.88528,-841443,-841443,N,THB,N,TH,MULTIPROD,S,Account Sum of DB Transactions,C    ,A,EVRGRN,Positive,Positive,Zero
-155793.4778,-5108008,-5108008,N,THB,N,TH,MULTIPROD,S,Account Sum of CR Transactions,C    ,A,EVRGRN,Positive,Positive,Zero
-457073.19,-457073.19,-457073.19,N,USD,N,GB,CASH,A,Principal Balance,C    ,S,EVRGRN,Positive,Positive,Positive
-1409251.6,-1409251.6,-1409251.6,N,USD,N,HK,CASH,A,Principal Balance,C    ,S,EVRGRN,Positive,Positive,Positive
137076.37,137076.37,137076.37,Y,USD,N,DE,CASH,A,Principal Balance,C    ,S,EVRGRN,Positive,Positive,Positive
7988739.68,7988739.68,7988739.68,N,USD,N,SG,CASH,A,Principal Balance,C    ,S,EVRGRN,Positive,Positive,Positive
-294603,-294603,-294603,N,USD,N,US,CASH,A,Principal Balance,C    ,S,EVRGRN,Positive,Positive,Positive
256010065.3,256010065.3,256010065.3,Y,USD,N,IN,OVDFT-LIAB,L,Principal Balance,C    ,S,EVRGRN,Positive,Positive,Positive
-124610.01,-124610.01,-124610.01,Y,USD,N,TH,OVDFT-LIAB,L,Principal Balance,C    ,S,EVRGRN,Positive,Positive,Positive
1990.31,1990.31,1990.31,N,USD,N,MX,CASH,A,Principal Balance,C    ,S,EVRGRN,Positive,Positive,Positive
3.28,3.28,3.28,N,USD,N,US,CASH,A,Principal Balance,C    ,S,EVRGRN,Positive,Positive,Positive
-61298.37,-61298.37,-61298.37,N,USD,N,MX,CASH,A,Principal Balance,C    ,S,EVRGRN,Positive,Positive,Positive
-352932.66,-352932.66,-352932.66,N,USD,N,US,CASH,A,Principal Balance,C    ,S,EVRGRN,Positive,Positive,Positive
7680229.309,251812062.4,251812062.4,N,THB,N,TH,OVDFT-LIAB,L,Inventory Position Amount,PPSL ,T,EVRGRN,Positive,Positive,Positive
-7680158.544,-251809742.2,-251809742.2,N,THB,N,TH,OVDFT-LIAB,L,Inventory Position Amount,PPSL ,T,EVRGRN,Positive,Positive,Positive
-7248835.312,-237667925.8,-237667925.8,N,THB,N,TH,CASH,A,Principal Balance,PPSL ,T,EVRGRN,Positive,Positive,Positive
7274651.694,238514368.8,238514368.8,N,THB,N,TH,CASH,A,Principal Balance,PPSL ,T,EVRGRN,Positive,Positive,Positive
-252900.612,-8291865,-8291865,N,THB,N,TH,CASH,A,Principal Balance,ADJSL,T,EVRGRN,Zero,Positive,Positive
27233.18,27233.18,27233.18,N,USD,N,DE,CASH,A,Principal Balance,C    ,S,EVRGRN,Positive,Positive,Positive
0,0,0,Y,USD,N,US,CASH,A,Principal Balance,PPSL ,T,FIXED,Positive,Positive,Positive
0,0,0,Y,USD,N,US,MULTI-LNS2,A,Accrued Interest Amount,PPSL ,T,FIXED,Positive,Positive,Positive
-23023.32,-23023.32,-23023.32,Y,USD,N,US,CASH,R,Interest Income P&L,PPSL ,T,FIXED,Positive,Positive,Positive
0,0,0,Y,USD,N,US,CASH,A,Principal Balance,PPSL ,T,FIXED,Positive,Positive,Positive
0,0,0,Y,USD,N,US,CASH,A,Principal Balance,PPSL ,T,FIXED,Positive,Positive,Positive
0,0,0,Y,USD,N,US,MULTI-LNS2,A,Accrued Interest Amount,PPSL ,T,FIXED,Positive,Positive,Positive
-114.95,-114.95,-114.95,Y,USD,N,US,CASH,R,Interest Income P&L,PPSL ,T,FIXED,Positive,Positive,Positive
0,0,0,Y,USD,N,US,CASH,A,Principal Balance,PPSL ,T,FIXED,Positive,Positive,Positive
1013790.99,1013790.99,1013790.99,Y,USD,N,DE,CASH,A,Principal Balance,C    ,S,EVRGRN,Positive,Positive,Positive
0,0,0,Y,RUB,Y,GB,OVDFT-LIAB,L,Inventory Position Amount,PPSL ,T,EVRGRN,Positive,Positive,Positive
163.123,132.502,11447.2,Y,RUB,Y,GB,CASH,A,Principal Balance,PPSL ,T,EVRGRN,Positive,Positive,Positive
0,0,0,Y,USD,N,US,CASH,A,Principal Balance,PPSL ,T,FIXED,Positive,Positive,Positive
0,0,0,Y,USD,N,US,MULTI-LNS2,A,Accrued Interest Amount,PPSL ,T,FIXED,Positive,Positive,Positive
986486.54,986486.54,986486.54,Y,USD,N,US,CASH,A,Principal Balance,PPSL ,T,FIXED,Positive,Positive,Positive
141120.06,141120.06,141120.06,Y,USD,N,US,CASH,A,Principal Balance,PPSL ,T,FIXED,Positive,Positive,Positive
-3747.61,-3747.61,-3747.61,Y,USD,N,US,CASH,R,Interest Income P&L,PPSL ,T,FIXED,Positive,Positive,Positive
-134.16,-134.16,-134.16,Y,USD,N,US,CASH,R,Interest Income P&L,PPSL ,T,FIXED,Positive,Positive,Positive
0,0,0,Y,JPY,N,DE,CASH,S,Commitments and Contingencies,PPSL ,T,FIXED,Positive,Positive,Positive
0,0,0,Y,JPY,N,DE,CASH,A,Principal Balance,PPSL ,T,FIXED,Positive,Positive,Positive
43.563,35.63,40.45,Y,EUR,N,GB,CASH,R,Interest Income P&L,PPSL ,T,FIXED,Positive,Positive,Positive
-82.939,-67.84,-82.9,Y,USD,N,GB,CASH,R,Interest Income P&L,PPSL ,T,FIXED,Positive,Positive,Positive
-1230.07,-999.163,-1132.609,Y,EUR,N,GB,MULTI-LNS2,A,Accrued Interest Amount,PPSL ,T,FIXED,Positive,Positive,Positive
3056.42,2482.674,3056.42,Y,USD,N,GB,MULTI-LNS2,A,Accrued Interest Amount,PPSL ,T,FIXED,Positive,Positive,Positive
0,0,0,N,KRW,Y,LU,OVDFT-LIAB,L,Inventory Position Amount,PPSL ,T,EVRGRN,Positive,Positive,Positive
-786.015,-728.5,-14773.05,Y,TRY,N,LU,CASH,R,Interest Income P&L,PPSL ,T,FIXED,Positive,Positive,Positive
0,0,0,Y,TRY,N,LU,CASH,S,Commitments and Contingencies,PPSL ,T,FIXED,Positive,Positive,Positive
0,0,0,N,BRL,Y,GB,OVDFT-LIAB,L,Inventory Position Amount,PPSL ,T,EVRGRN,Positive,Positive,Positive
0,0,0,Y,BRL,N,GB,OVDFT-LIAB,L,Inventory Position Amount,PPSL ,T,EVRGRN,Positive,Positive,Positive
0,0,0,N,EGP,N,GB,OVDFT-LIAB,L,Inventory Position Amount,PPSL ,T,EVRGRN,Positive,Positive,Positive
0,0,0,N,KRW,N,GB,OVDFT-LIAB,L,Inventory Position Amount,PPSL ,T,EVRGRN,Positive,Positive,Positive
0,0,0,Y,TRY,N,LU,CASH,A,Principal Balance,PPSL ,T,FIXED,Positive,Positive,Positive
0,0,0,Y,TRY,N,LU,MULTI-LNS2,A,Accrued Interest Amount,PPSL ,T,FIXED,Positive,Positive,Positive
-85.26,-85.26,-85.26,Y,USD,N,JE,CASH,A,Principal Balance,C    ,S,EVRGRN,Positive,Positive,Positive
322684866.5,322684866.5,322684866.5,N,USD,N,US,CASH,A,Principal Balance,C    ,G,EVRGRN,Positive,Positive,Positive
3261.16,3261.16,3261.16,N,USD,N,US,CASH,A,Principal Balance,C    ,G,EVRGRN,Positive,Positive,Positive
-5883,-5883,-5883,N,USD,N,US,CASH,A,Principal Balance,C    ,G,EVRGRN,Positive,Positive,Positive
403071,403071,403071,N,USD,N,US,CASH,A,Principal Balance,C    ,G,EVRGRN,Positive,Positive,Positive
651.62,651.62,6655,N,MAD,N,US,CASH,A,Principal Balance,C    ,G,EVRGRN,Positive,Positive,Positive
-8.65,-8.65,-86.4,N,NOK,N,US,OVDFT-LIAB,L,Principal Balance,C    ,G,EVRGRN,Positive,Positive,Positive
49430.22599,27552465.94,49430.33,N,USD,N,CR,CASH,A,Principal Balance,C    ,T,EVRGRN,Positive,Positive,Positive
0,0,0,Y,CAD,N,CA,CASH,A,Principal Balance,PPSL ,T,FIXED,Positive,Positive,Positive
-225431.813,-302157.53,-302157.53,Y,CAD,N,CA,CASH,R,Interest Income P&L,PPSL ,T,FIXED,Positive,Positive,Positive
0,0,0,Y,CAD,N,CA,MULTI-LNS2,A,Commission Agency Receivable,PPSL ,T,FIXED,Positive,Positive,Positive
250000000,250000000,250000000,Y,USD,N,US,CASH,A,Principal Balance,PPSL ,T,FIXED,Positive,Positive,Positive
0,0,0,Y,USD,N,US,CASH,A,Principal Balance,PPSL ,T,FIXED,Positive,Positive,Positive
1371479.58,1371479.58,1371479.58,Y,USD,N,US,MULTI-LNS2,A,Accrued Interest Amount,PPSL ,T,FIXED,Positive,Positive,Positive
0,0,0,Y,USD,N,US,MULTI-LNS2,A,Accrued Interest Amount,PPSL ,T,FIXED,Positive,Positive,Positive
-13575.09,-13575.09,-13575.09,Y,USD,N,US,CASH,R,Interest Income P&L,PPSL ,T,FIXED,Positive,Positive,Positive
-360303.95,-360303.95,-360303.95,Y,USD,N,US,CASH,R,Interest Income P&L,PPSL ,T,FIXED,Positive,Positive,Positive
423297,423297,423297,Y,USD,N,US,CASH,A,Principal Balance,PPSL ,T,FIXED,Positive,Positive,Positive
6153.41,6153.41,6153.41,Y,USD,N,US,MULTI-LNS2,A,Accrued Interest Amount,PPSL ,T,FIXED,Positive,Positive,Positive
-1834.19,-1834.19,-1834.19,Y,USD,N,US,CASH,R,Interest Income P&L,PPSL ,T,FIXED,Positive,Positive,Positive
0,0,0,N,GBP,N,JE,MULTIPROD,S,Trans Notional Payable (FS),PPSL ,T,EVRGRN,Positive,Positive,Positive
-0.037,-0.03,-0.03,N,GBP,N,JE,MULTIPROD,R,MTM P&L-FX Revaluation,PPSL ,T,EVRGRN,Positive,Positive,Positive
0,0,0,N,NZD,N,JE,MULTIPROD,S,Trans Notional Payable (FS),PPSL ,T,EVRGRN,Positive,Positive,Positive
-2767.125,-2263.42,-2766.62,Y,USD,N,GB,CASH,R,Interest Income P&L,PPSL ,T,FIXED,Positive,Positive,Positive
-1741.205,-1424.25,-1740.91,Y,USD,N,GB,CASH,R,Interest Income P&L,PPSL ,T,FIXED,Positive,Positive,Positive
7749.859,6295.069,7749.86,Y,USD,N,GB,MULTI-LNS2,A,Accrued Interest Amount,PPSL ,T,FIXED,Positive,Positive,Positive
20526.56,16673.349,20526.56,Y,USD,N,GB,MULTI-LNS2,A,Accrued Interest Amount,PPSL ,T,FIXED,Positive,Positive,Positive
0,0,0,N,TWD,N,LU,OVDFT-LIAB,L,Inventory Position Amount,PPSL ,T,EVRGRN,Positive,Positive,Positive
0,0,0,Y,USD,N,IE,OVDFT-LIAB,L,Inventory Position Amount,PPSL ,T,EVRGRN,Positive,Positive,Positive
411746,411746,411746,N,USD,N,US,CASH,A,Principal Balance,C    ,G,EVRGRN,Positive,Positive,Positive
380570,380570,380570,N,USD,N,US,CASH,A,Principal Balance,C    ,G,EVRGRN,Positive,Positive,Positive
