ARRG_MAT_TYP_CD,IB_FLAG,OPER_DPST_FLAG,ACTG_UNIT_NM,REC_TYP,LV_DMC_CTRY,FRS_ACCOUNT_CLASS,TXN_CCY,BASE_CCY_AMT,FNCT_CCY_AMT,TXN_CCY_AMT,ACCT_TYP,ROW_SRC_IND
FIXED,Y,N,Treasury Trn Px PL - Funding Exp,T,RU,MULTIPROD,RUB,-33146.28177,-2306739.76,-2306739.76,S,C    
FIXED,Y,N,MTD Avg Principal Balance CR,T,RU,MULTIPROD,RUB,0,0,0,S,C    
FIXED,Y,N,MTD Avg Principal Balance DB,T,RU,MULTIPROD,RUB,-4023409.6,-280000000,-280000000,S,C    
EVRGRN,N,N,Account Sum of CR Transactions,A,TH,MULTIPROD,THB,0,0,0,S,C    
EVRGRN,N,N,Account Sum of DB Transactions,A,TH,MULTIPROD,THB,0,0,0,S,C    
EVRGRN,Y,N,Treasury Trn Px PL - Funding Exp,T,AU,MULTIPROD,AUD,0,0,0,S,C    
EVRGRN,Y,N,Account Sum of DB Transactions,A,ID,MULTIPROD,EUR,-92.22831,-1382526,-84.86,S,C    
EVRGRN,Y,N,Original Principal,T,AU,MULTIPROD,AUD,105555000,150000000,150000000,S,C    
EVRGRN,Y,N,Since Inception-Interest Accrue,T,AU,MULTIPROD,AUD,5052696.114,7180184.9,7180184.9,S,C    
EVRGRN,Y,N,Overdue Penalty Interest,T,AU,MULTIPROD,AUD,0,0,0,S,C    
EVRGRN,Y,N,Account Sum of CR Transactions,A,ID,MULTIPROD,EUR,-7839.57935,-117517304,0,S,C    
EVRGRN,Y,N,Scheduled Principal Balance Amt,T,AU,MULTIPROD,AUD,0,0,0,S,C    
EVRGRN,Y,N,CE - Unpaid Principal Bal Amt,T,AU,MULTIPROD,AUD,0,0,0,S,C    
EVRGRN,Y,N,Interest IENC-Not Due,T,AU,MULTIPROD,AUD,0,0,0,S,C    
EVRGRN,Y,N,Interest IENC-Due,T,AU,MULTIPROD,AUD,0,0,0,S,C    
EVRGRN,N,N,Principal Balance,S,US,CASH,USD,1557.04,1557.04,1557.04,A,C    
EVRGRN,N,N,Principal Balance,S,LU,CASH,USD,-14902.94,-14902.94,-14902.94,A,C    
EVRGRN,N,N,Principal Balance,S,US,CASH,USD,-2829094.67,-2829094.67,-2829094.67,A,C    
EVRGRN,Y,N,Principal Balance,T,ID,CASH,EUR,18907.713,283426617.8,17482.86,A,PPSL 
EVRGRN,Y,N,Principal Balance,T,ID,CASH,EUR,1566489.734,23481681112.40800,1448441.74,A,PPSL 
EVRGRN,N,N,Principal Balance,T,TH,CASH,THB,-671739.681,-22024362.51,-22024362.51,A,PPSL 
EVRGRN,N,N,Principal Balance,T,TH,CASH,THB,581.951,19080.461,19080.461,A,PPSL 
EVRGRN,N,N,Principal Balance,T,TH,CASH,THB,671310.229,22010282.05,22010282.05,A,PPSL 
EVRGRN,N,N,Principal Balance,T,TH,CASH,THB,-152.499,-5000,-5000,A,ADJSL
EVRGRN,N,N,Principal Balance,S,DE,CASH,USD,-56841.29,-56841.29,-56841.29,A,C    
FIXED,Y,N,Commitments and Contingencies,T,GB,CASH,USD,0,0,0,S,PPSL 
EVRGRN,N,N,Inventory Position Amount,T,GB,OVDFT-LIAB,BRL,0,0,0,L,PPSL 
EVRGRN,N,Y,Inventory Position Amount,T,GB,OVDFT-LIAB,CNY,0,0,0,L,PPSL 
EVRGRN,N,Y,Principal Balance,T,GB,CASH,CNY,0,0,0,A,PPSL 
EVRGRN,N,Y,Principal Balance,T,GB,CASH,CNY,22932625.91,18627752.34,154954606.7,A,PPSL 
FIXED,Y,N,Principal Balance,T,US,CASH,USD,0,0,0,A,PPSL 
FIXED,Y,N,Accrued Interest Amount,T,US,MULTI-LNS2,USD,0,0,0,A,PPSL 
FIXED,Y,N,Interest Income P&L,T,US,CASH,USD,-2656.06,-2656.06,-2656.06,R,PPSL 
FIXED,Y,N,Principal Balance,T,US,CASH,USD,168522.98,168522.98,168522.98,A,PPSL 
FIXED,Y,N,Principal Balance,T,US,CASH,USD,281397.6,281397.6,281397.6,A,PPSL 
FIXED,Y,N,Interest Income P&L,T,US,CASH,USD,-638.28,-638.28,-638.28,R,PPSL 
FIXED,Y,N,Interest Income P&L,T,US,CASH,USD,-1081.67,-1081.67,-1081.67,R,PPSL 
FIXED,Y,N,Transfer Pricing P&L,T,JE,MULTIPROD,EUR,-1613.69,-1613.69,-1480.11,R,PPSL 
FIXED,Y,N,Commitments and Contingencies,T,JE,CASH,EUR,0,0,0,S,PPSL 
FIXED,Y,N,Interest Income P&L,T,GB,CASH,GBP,-697.039,-570.08,-570.08,R,PPSL 
FIXED,Y,N,Interest Income P&L,T,GB,CASH,GBP,-205.636,-168.18,-168.18,R,PPSL 
FIXED,Y,N,Accrued Interest Amount,T,GB,MULTI-LNS2,GBP,4482.62,3641.15,3641.15,A,PPSL 
FIXED,Y,N,Accrued Interest Amount,T,GB,MULTI-LNS2,GBP,2330.891,1893.34,1893.34,A,PPSL 
FIXED,Y,N,Interest Income P&L,T,GB,CASH,USD,-426.104,-344.87,-426.1,R,PPSL 
FIXED,Y,N,Letter of Credit-Issued,T,GB,MULTIPROD,USD,0,0,0,S,PPSL 
FIXED,Y,N,Trans Notional Recvable (FS),T,GB,MULTIPROD,USD,0,0,0,S,PPSL 
FIXED,Y,N,Accrued Interest Amount,T,GB,MULTI-LNS2,USD,0,0,0,A,PPSL 
FIXED,Y,N,Commitments and Contingencies,T,NL,CASH,PLN,0,0,0,S,PPSL 
FIXED,Y,N,Interest Income P&L,T,NL,CASH,PLN,-36058.063,-33308.45,-156233.28,R,PPSL 
FIXED,Y,N,Accrued Interest Amount,T,NL,MULTI-LNS2,PLN,0,0,0,A,PPSL 
FIXED,Y,N,Principal Balance,T,NL,CASH,PLN,0,0,0,A,PPSL 
EVRGRN,N,N,Account Sum of CR Transactions,A,TH,MULTIPROD,THB,-3259.39362,-106865.89,-106865.89,S,C    
EVRGRN,N,N,Account Sum of DB Transactions,A,TH,MULTIPROD,THB,-1885.4501,-61818.34,-61818.34,S,C    
EVRGRN,N,N,Principal Balance,S,SG,CASH,USD,3057041.32,3057041.32,3057041.32,A,C    
FIXED,Y,N,Interest Income P&L,T,LU,CASH,CHF,-1786.191,-1664.98,-1648.65,R,PPSL 
FIXED,Y,N,Commitments and Contingencies,T,LU,CASH,CHF,0,0,0,S,PPSL 
FIXED,Y,N,Principal Balance,T,LU,CASH,CHF,0,0,0,A,PPSL 
FIXED,Y,N,Accrued Interest Amount,T,LU,MULTI-LNS2,CHF,0,0,0,A,PPSL 
FIXED,Y,N,Principal Balance,T,RU,CASH,RUB,4023410.501,280000000,280000000,A,PPSL 
FIXED,Y,N,Accrued Interest Amount,T,RU,MULTI-LNS2,RUB,113581.43,7904438.36,7904438.36,A,PPSL 
FIXED,Y,N,Interest Income P&L,T,RU,CASH,RUB,-38272.003,-2663452.06,-2663452.06,R,PPSL 
FIXED,Y,N,Accrued Interest Amount,T,RU,MULTI-LNS2,RUB,0,0,0,A,PPSL 
EVRGRN,Y,N,Principal Balance,S,US,CASH,USD,424025.83,424025.83,424025.83,A,C    
EVRGRN,Y,N,Principal Balance,S,US,CASH,USD,7477440.14,7477440.14,7477440.14,A,C    
EVRGRN,Y,N,Principal Balance,S,GB,CASH,USD,-67687.8,-67687.8,-67687.8,A,C    
EVRGRN,Y,N,Principal Balance,S,DE,CASH,USD,-91063.37,-91063.37,-91063.37,A,C    
FIXED,N,N,Commitments and Contingencies,T,GB,CASH,USD,49780.609,40435.878,49780.61,S,PPSL 
FIXED,Y,N,Principal Balance,T,GB,CASH,EUR,5046.875,4099.484,4647,A,PPSL 
FIXED,Y,N,Principal Balance,T,GB,CASH,GBP,0,0,0,A,PPSL 
FIXED,Y,N,Interest Income P&L,T,GB,CASH,GBP,-160.853,-130.66,-130.66,R,PPSL 
FIXED,Y,N,Accrued Interest Amount,T,GB,MULTI-LNS2,EUR,0.043,0.035,0.04,A,PPSL 
FIXED,Y,N,Accrued Interest Amount,T,GB,MULTI-LNS2,GBP,0,0,0,A,PPSL 
FIXED,Y,N,Principal Balance,T,US,CASH,USD,1119436.84,1119436.84,1119436.84,A,PPSL 
FIXED,Y,N,Accrued Interest Amount,T,US,MULTI-LNS2,USD,845.73,845.73,845.73,A,PPSL 
FIXED,Y,N,Interest Income P&L,T,US,CASH,USD,-845.73,-845.73,-845.73,R,PPSL 
FIXED,Y,N,Interest Income P&L,T,GB,CASH,EUR,12.373,10.12,11.46,R,PPSL 
FIXED,Y,N,Interest Income P&L,T,GB,CASH,EUR,-3.046,-2.47,-2.83,R,PPSL 
FIXED,Y,N,Accrued Interest Amount,T,GB,MULTI-LNS2,EUR,3.074,2.497,2.83,A,PPSL 
FIXED,Y,N,Accrued Interest Amount,T,GB,MULTI-LNS2,EUR,-165.449,-134.391,-152.34,A,PPSL 
FIXED,Y,N,Letter of Credit-Issued,T,GB,MULTIPROD,EUR,0,0,0,S,PPSL 
FIXED,Y,N,Trans Notional Recvable (FS),T,GB,MULTIPROD,EUR,0,0,0,S,PPSL 
EVRGRN,N,Y,Principal Balance,T,LU,CASH,SEK,407.77,376.415,4271.56,A,PPSL 
EVRGRN,Y,N,Principal Balance,G,GB,CASH,CZK,-72738.494,-72738.494,-1593944.15,A,C    
EVRGRN,N,N,Principal Balance,G,US,CASH,USD,145839433.3,145839433.3,145839433.3,A,C    
EVRGRN,N,N,Principal Balance,G,US,CASH,USD,555690065.2,555690065.2,555690065.2,A,C    
EVRGRN,N,N,Principal Balance,G,US,CASH,USD,-55725541.5,-55725541.5,-55725541.5,A,C    
EVRGRN,N,N,Principal Balance,G,US,CASH,USD,-391300518.1,-391300518.1,-391300518.1,A,C    
EVRGRN,N,N,Principal Balance,G,US,CASH,USD,-823872429.4,-823872429.4,-823872429.4,A,C    
EVRGRN,N,N,Principal Balance,G,US,CASH,USD,391300518.1,391300518.1,391300518.1,A,C    
EVRGRN,Y,N,Principal Balance,G,US,CASH,USD,30987257.2,30987257.2,30987257.2,A,C    
EVRGRN,Y,N,Principal Balance,G,US,CASH,USD,-1164285.89,-1164285.89,-1164285.89,A,C    
EVRGRN,N,N,Principal Balance,G,US,CASH,USD,-39792,-39792,-39792,A,C    
EVRGRN,N,N,Principal Balance,G,US,CASH,USD,255.73,255.73,255.73,A,C    
EVRGRN,N,N,Principal Balance,G,US,CASH,USD,-456460482.8,-456460482.8,-456460482.8,A,C    
EVRGRN,N,N,Principal Balance,G,US,CASH,USD,-38541515.45,-38541515.45,-38541515.45,A,C    
EVRGRN,N,N,Principal Balance,G,US,CASH,USD,-1.8,-1.8,-1.8,A,C    
EVRGRN,N,N,Principal Balance,G,US,CASH,USD,23372620,23372620,23372620,A,C    
EVRGRN,N,N,Principal Balance,G,MX,CASH,MXN,73909.438,1392380,1392380,A,C    
EVRGRN,N,N,Principal Balance,S,HK,CASH,USD,69817.04,69817.04,69817.04,A,C    
EVRGRN,Y,N,Principal Balance,S,US,CASH,USD,-462049411.6,-462049411.6,-462049411.6,A,C    
EVRGRN,N,N,Principal Balance,S,CA,CASH,USD,612109.79,612109.79,612109.79,A,C    
EVRGRN,N,N,Principal Balance,S,GB,CASH,USD,3508.71,3508.71,3508.71,A,C    
EVRGRN,N,N,Principal Balance,S,US,CASH,USD,367920,367920,367920,A,C    
EVRGRN,Y,N,Principal Balance,S,SG,CASH,USD,0.76,0.76,0.76,A,C    
EVRGRN,N,N,Principal Balance,S,MX,CASH,USD,21512.54,21512.54,21512.54,A,C    
FIXED,Y,N,Interest Income P&L,T,GB,CASH,EUR,65.716,53.38,60.58,R,PPSL 
FIXED,Y,N,Accrued Interest Amount,T,GB,MULTI-LNS2,EUR,-1326.403,-1077.413,-1221.31,A,PPSL 
FIXED,Y,N,Accrued Interest Amount,T,GB,MULTI-LNS2,EUR,-840.418,-682.656,-773.83,A,PPSL 
FIXED,Y,N,Principal Balance,T,GB,CASH,EUR,123293.825,100149.318,113525,A,PPSL 
EVRGRN,N,Y,Principal Balance,T,GB,CASH,ZMW,0,0,0,A,PPSL 
FIXED,Y,N,Principal Balance,T,US,CASH,USD,0,0,0,A,PPSL 
FIXED,Y,N,Accrued Interest Amount,T,US,MULTI-LNS2,USD,0,0,0,A,PPSL 
FIXED,Y,N,Interest Income P&L,T,US,CASH,USD,-3663.64,-3663.64,-3663.64,R,PPSL 
FIXED,Y,N,Principal Balance,T,US,CASH,USD,139728.76,139728.76,139728.76,A,PPSL 
FIXED,Y,N,Accrued Interest Amount,T,US,MULTI-LNS2,USD,786.59,786.59,786.59,A,PPSL 
FIXED,Y,N,Interest Income P&L,T,US,CASH,USD,-567.08,-567.08,-567.08,R,PPSL 
FIXED,Y,N,Principal Balance,T,US,CASH,USD,2530000,2530000,2530000,A,PPSL 
FIXED,Y,N,Interest Income P&L,T,US,CASH,USD,-4671.88,-4671.88,-4671.88,R,PPSL 
FIXED,Y,N,Accrued Interest Amount,T,US,MULTI-LNS2,USD,4671.88,4671.88,4671.88,A,PPSL 
FIXED,Y,N,Principal Balance,T,TW,CASH,ZAR,0,0,0,A,PPSL 
FIXED,Y,N,Accrued Interest Amount,T,TW,MULTI-LNS2,ZAR,0,0,0,A,PPSL 
FIXED,Y,N,Interest Income P&L,T,TW,CASH,ZAR,-328.7,-328.7,-5609.98,R,PPSL 
EVRGRN,N,N,Principal Balance,T,BS,CASH,USD,-6370805.93,-6370805.93,-6370805.93,A,C    
EVRGRN,N,N,Principal Balance,G,DE,CASH,SEK,-82.103,-75.79,-860.06,A,C    
EVRGRN,N,N,Principal Balance,G,US,CASH,USD,-9251.8,-9251.8,-9251.8,A,C    
EVRGRN,N,N,Principal Balance,G,US,CASH,USD,-442034603.9,-442034603.9,-442034603.9,A,C    
EVRGRN,N,N,Account Sum of DB Transactions,A,SG,MULTIPROD,KRW,0,0,0,S,C    
EVRGRN,N,N,Account Sum of CR Transactions,A,SG,MULTIPROD,KRW,0,0,0,S,C    
EVRGRN,N,N,Principal Balance,S,JO,CASH,USD,-278.28,-278.28,-278.28,A,C    
EVRGRN,N,N,Principal Balance,S,GB,CASH,USD,-22408.16,-22408.16,-22408.16,A,C    
EVRGRN,N,N,Principal Balance,S,BD,CASH,USD,549430.04,549430.04,549430.04,A,C    
EVRGRN,Y,N,Principal Balance,T,GB,CASH,VND,1471905.06,1471905.06,34519349570.00000,A,C    
EVRGRN,N,N,Inventory Position Amount,T,SG,OVDFT-LIAB,KRW,2515728.232,3311704.644,3099134976,L,PPSL 
EVRGRN,N,N,Principal Balance,T,SG,CASH,KRW,-2539718.516,-3343285.455,-3128688697,A,PPSL 
EVRGRN,N,N,Principal Balance,T,SG,CASH,KRW,2539718.516,3343285.455,3128688697,A,PPSL 
EVRGRN,N,N,Inventory Position Amount,T,SG,OVDFT-LIAB,KRW,-2515728.232,-3311704.644,-3099134976,L,PPSL 
EVRGRN,N,Y,Inventory Position Amount,T,GB,OVDFT-LIAB,CLP,0,0,0,L,PPSL 
FIXED,Y,N,Accrued Interest Amount,T,BG,MULTI-LNS2,USD,0,0,0,A,C    
FIXED,Y,N,Interest Income P&L,T,BG,CASH,USD,-9566.67069,-17272.05,-9566.67,R,C    
FIXED,Y,N,Principal Balance,T,BG,CASH,USD,0,0,0,A,C    
EVRGRN,Y,N,GENESIS DEFAULT,T,GB,MULTIPROD,USD,0,0,0,S,C    
EVRGRN,Y,N,Principal Balance,S,US,CASH,USD,-170903.46,-170903.46,-170903.46,A,C    
FIXED,Y,N,Principal Balance,T,US,CASH,USD,0,0,0,A,PPSL 
FIXED,Y,N,Accrued Interest Amount,T,US,MULTI-LNS2,USD,0,0,0,A,PPSL 
FIXED,Y,N,Principal Balance,T,US,CASH,USD,0,0,0,A,PPSL 
FIXED,Y,N,Accrued Fee Amount,T,US,MULTI-LNS2,USD,0,0,0,A,PPSL 
FIXED,Y,N,Transfer Pricing P&L,T,TW,MULTIPROD,TWD,-1199.667,-36522,-36522,R,PPSL 
EVRGRN,N,Y,Inventory Position Amount,T,LU,OVDFT-LIAB,BRL,0,0,0,L,PPSL 
FIXED,Y,N,Commitments and Contingencies,T,GB,CASH,ZAR,0,0,0,S,PPSL 
FIXED,Y,N,Interest Income P&L,T,GB,CASH,ZAR,-12.143,-9.99,-204.33,R,PPSL 
FIXED,Y,N,Principal Balance,T,GB,CASH,ZAR,0,0,0,A,PPSL 
FIXED,Y,N,Accrued Interest Amount,T,GB,MULTI-LNS2,ZAR,0,0,0,A,PPSL 
EVRGRN,N,N,Principal Balance,G,US,CASH,USD,-1216112.5,-1216112.5,-1216112.5,A,C    
EVRGRN,N,N,Principal Balance,G,US,CASH,USD,10000,10000,10000,A,C    
EVRGRN,N,N,Principal Balance,G,BS,CASH,USD,-5182840.53,-5182840.53,-5182840.53,A,C    
EVRGRN,N,N,Principal Balance,G,US,CASH,USD,22706315,22706315,22706315,A,C    
EVRGRN,N,N,Principal Balance,G,BS,CASH,USD,3668926.73,3668926.73,3668926.73,A,C    
EVRGRN,N,N,Principal Balance,G,US,CASH,EUR,-235794379.9,-235794379.9,-217111900.8,A,C    
EVRGRN,N,N,Principal Balance,G,US,CASH,USD,667519,667519,667519,A,C    
EVRGRN,N,N,Principal Balance,G,US,CASH,USD,-50936704,-50936704,-50936704,A,C    
EVRGRN,N,N,Principal Balance,G,US,CASH,USD,88626.71,88626.71,88626.71,A,C    
EVRGRN,N,N,Principal Balance,G,US,CASH,USD,180180,180180,180180,A,C    
EVRGRN,N,N,Principal Balance,G,US,CASH,USD,-5,-5,-5,A,C    
EVRGRN,N,N,Principal Balance,G,MX,CASH,MXN,-64489.618,-1214920,-1214920,A,C    
EVRGRN,N,N,Principal Balance,S,KE,CASH,USD,-155009.52,-155009.52,-155009.52,A,C    
EVRGRN,N,N,Principal Balance,S,PH,CASH,USD,5003.71,5003.71,5003.71,A,C    
EVRGRN,Y,N,Principal Balance,S,LU,CASH,USD,7473.16,7473.16,7473.16,A,C    
EVRGRN,Y,N,Principal Balance,S,US,CASH,USD,-197479155.8,-197479155.8,-197479155.8,A,C    
EVRGRN,Y,N,Principal Balance,S,HK,CASH,USD,219668.97,219668.97,219668.97,A,C    
EVRGRN,N,N,Principal Balance,T,GB,CASH,USD,-1747368651,-1747368651,-1747368651,A,C    
EVRGRN,N,N,Inventory Position Amount,T,GB,OVDFT-LIAB,AUD,0,0,0,L,PPSL 
FIXED,Y,N,Interest Income P&L,T,GB,CASH,GBP,-1181.024,-965.91,-965.91,R,PPSL 
FIXED,Y,N,Interest Income P&L,T,GB,CASH,GBP,-72.091,-58.96,-58.96,R,PPSL 
FIXED,Y,N,Accrued Interest Amount,T,GB,MULTI-LNS2,GBP,12351.614,10032.99,10032.99,A,PPSL 
FIXED,Y,N,Accrued Interest Amount,T,GB,MULTI-LNS2,GBP,2528.827,2054.12,2054.12,A,PPSL 
EVRGRN,N,N,Principal Balance,G,HK,CASH,USD,-819958.62,-819958.62,-819958.62,A,C    
EVRGRN,Y,N,Principal Balance,G,CN,CASH,CNY,-142.541,-963.14,-963.14,A,C    
EVRGRN,Y,Y,Principal Balance,T,LU,CASH,CHF,286478.339,264449.681,265295.92,A,PPSL 
EVRGRN,N,N,Principal Balance,G,IN,CASH,INR,76637.167,6278500,6278500,A,C    
EVRGRN,Y,N,Principal Balance,G,CA,CASH,CAD,2555.344,3409.72,3409.72,A,C    
EVRGRN,N,N,Principal Balance,G,US,CASH,USD,-216845.69,-216845.69,-216845.69,A,C    
EVRGRN,N,N,Principal Balance,G,MX,CASH,MXN,-49662.93,-935600,-935600,A,C    
EVRGRN,N,N,Principal Balance,T,CR,CASH,CRC,1056990.062,589167500,589167500,A,C    
FIXED,Y,N,CE - Unpaid Principal Bal Amt,T,VN,MULTIPROD,USD,0,0,0,S,C    
FIXED,Y,N,Interest IENC-Due,T,VN,MULTIPROD,USD,0,0,0,S,C    
FIXED,Y,N,Treasury Trn Px PL - Funding Exp,T,VN,MULTIPROD,USD,75243.077,1764612500,75250,S,C    
FIXED,Y,N,Since Inception-Interest Accrue,T,VN,MULTIPROD,USD,75243.077,1764612500,75250,S,C    
FIXED,Y,N,Overdue Penalty Interest,T,VN,MULTIPROD,USD,0,0,0,S,C    
FIXED,Y,N,Scheduled Principal Balance Amt,T,VN,MULTIPROD,USD,0,0,0,S,C    
EVRGRN,N,N,Principal Balance,S,GB,CASH,USD,-950447.13,-950447.13,-950447.13,A,C    
EVRGRN,N,N,Principal Balance,S,US,CASH,USD,-25.76,-25.76,-25.76,A,C    
EVRGRN,N,N,Forward Dated Assets - Buy,S,US,CASH,USD,-27312500,-27312500,-27312500,S,C    
EVRGRN,N,N,Principal Balance,S,MX,CASH,USD,31805.72,31805.72,31805.72,A,C    
EVRGRN,Y,N,Principal Balance,S,GB,CASH,USD,-31.55,-31.55,-31.55,A,C    
EVRGRN,N,N,Principal Balance,S,BS,CASH,USD,-216311427.4,-216311427.4,-216311427.4,A,C    
EVRGRN,Y,N,Principal Balance,S,IE,OVDFT-LIAB,USD,149106.28,149106.28,149106.28,L,C    
EVRGRN,N,N,Principal Balance,S,MX,CASH,USD,581262.48,581262.48,581262.48,A,C    
FIXED,Y,N,Commitments and Contingencies,T,GB,CASH,DKK,0,0,0,S,PPSL 
FIXED,Y,N,Interest Income P&L,T,GB,MULTIPROD,DKK,-1820.29,-1478.59,-12454.54,R,PPSL 
EVRGRN,N,Y,Inventory Position Amount,T,GB,OVDFT-LIAB,VND,0,0,0,L,PPSL 
EVRGRN,N,Y,Inventory Position Amount,T,GB,OVDFT-LIAB,PKR,0,0,0,L,PPSL 
FIXED,Y,N,Commitments and Contingencies,T,TN,CASH,USD,0,0,0,S,PPSL 
FIXED,Y,N,Interest Income P&L,T,TN,CASH,USD,-1570.83,-4778.936,-1570.83,R,PPSL 
FIXED,Y,N,Accrued Interest Amount,T,TN,MULTI-LNS2,USD,1570.83,4778.936,1570.83,A,PPSL 
FIXED,Y,N,Principal Balance,T,TN,CASH,USD,13000000,39549900,13000000,A,PPSL 
FIXED,Y,N,Principal Balance,T,US,CASH,USD,0,0,0,A,PPSL 
FIXED,Y,N,Accrued Interest Amount,T,US,MULTI-LNS2,USD,0,0,0,A,PPSL 
FIXED,Y,N,Principal Balance,T,US,CASH,USD,249469.57,249469.57,249469.57,A,PPSL 
FIXED,Y,N,Principal Balance,T,US,CASH,USD,575724.75,575724.75,575724.75,A,PPSL 
FIXED,Y,N,Interest Income P&L,T,US,CASH,USD,-856.68,-856.68,-856.68,R,PPSL 
FIXED,Y,N,Interest Income P&L,T,US,CASH,USD,-1088.46,-1088.46,-1088.46,R,PPSL 
EVRGRN,N,N,Principal Balance,G,GB,CASH,USD,4165.34,4165.34,4165.34,A,C    
EVRGRN,N,N,Principal Balance,G,US,CASH,USD,-25.37,-25.37,-25.37,A,C    
EVRGRN,N,N,Principal Balance,G,US,CASH,USD,11418302.73,11418302.73,11418302.73,A,C    
EVRGRN,N,N,Principal Balance,G,US,CASH,USD,30087561,30087561,30087561,A,C    
EVRGRN,N,N,Principal Balance,G,US,CASH,USD,-6985830.24,-6985830.24,-6985830.24,A,C    
EVRGRN,N,N,Principal Balance,G,US,CASH,USD,487680.45,487680.45,487680.45,A,C    
EVRGRN,N,N,Principal Balance,G,US,CASH,USD,-4602998.1,-4602998.1,-4602998.1,A,C    
EVRGRN,N,N,Principal Balance,G,MX,CASH,MXN,295589.979,5568620,5568620,A,C    
EVRGRN,N,N,Account Sum of DB Transactions,A,SG,MULTIPROD,TWD,0,0,0,S,C    
EVRGRN,N,N,Account Sum of CR Transactions,A,SG,MULTIPROD,TWD,0,0,0,S,C    
EVRGRN,Y,N,Principal Balance,S,AU,CASH,USD,-2395579.55,-2395579.55,-2395579.55,A,C    
EVRGRN,N,N,Principal Balance,S,JP,CASH,USD,70085.7,70085.7,70085.7,A,C    
EVRGRN,N,N,Principal Balance,S,US,CASH,USD,-0.04,-0.04,-0.04,A,C    
EVRGRN,N,N,Principal Balance,S,US,CASH,USD,-744803.29,-744803.29,-744803.29,A,C    
EVRGRN,N,N,Principal Balance,S,US,CASH,USD,3478.41,3478.41,3478.41,A,C    
EVRGRN,Y,N,Principal Balance,S,GA,CASH,USD,1174779.9,1174779.9,1174779.9,A,C    
EVRGRN,N,N,Principal Balance,S,MX,CASH,USD,62600.45,62600.45,62600.45,A,C    
FIXED,Y,N,Commitments and Contingencies,T,GB,CASH,USD,0,0,0,S,PPSL 
FIXED,Y,N,Interest Income P&L,T,GB,CASH,USD,-5836.587,-4740.95,-5859.58,R,PPSL 
FIXED,Y,N,Accrued Interest Amount,T,GB,MULTI-LNS2,USD,0,0,0,A,PPSL 
FIXED,Y,N,Principal Balance,T,GB,CASH,USD,0,0,0,A,PPSL 
FIXED,Y,N,Principal Balance,T,US,CASH,USD,0,0,0,A,PPSL 
FIXED,Y,N,Accrued Interest Amount,T,US,MULTI-LNS2,USD,0,0,0,A,PPSL 
FIXED,Y,N,Interest Income P&L,T,GB,CASH,EUR,-24.584,-20.11,-22.82,R,PPSL 
FIXED,Y,N,Accrued Interest Amount,T,GB,MULTI-LNS2,EUR,110.342,89.629,101.6,A,PPSL 
EVRGRN,N,Y,Inventory Position Amount,T,LU,OVDFT-LIAB,IDR,0,0,0,L,PPSL 
EVRGRN,N,Y,Inventory Position Amount,T,LU,OVDFT-LIAB,KRW,-0.004,-0.004,-5,L,PPSL 
EVRGRN,Y,Y,Inventory Position Amount,T,LU,OVDFT-LIAB,MYR,0,0,0,L,PPSL 
EVRGRN,N,N,Principal Balance,G,US,CASH,USD,34374455.5,34374455.5,34374455.5,A,C    
EVRGRN,N,N,Principal Balance,G,US,CASH,USD,-5,-5,-5,A,C    
EVRGRN,N,N,Principal Balance,G,US,CASH,USD,-6562150254,-6562150254,-6562150254,A,C    
EVRGRN,N,N,Principal Balance,G,US,CASH,USD,850,850,850,A,C    
EVRGRN,N,N,Principal Balance,G,US,CASH,USD,-10,-10,-10,A,C    
EVRGRN,N,N,Principal Balance,G,US,CASH,SEK,-6544.459,-6544.459,-68519.17,A,C    
EVRGRN,N,N,Principal Balance,G,MX,CASH,MXN,209238.798,3941850,3941850,A,C    
EVRGRN,N,N,Account Sum of CR Transactions,A,HK,MULTIPROD,CNY,-2.89572,-22.7,0,S,C    
EVRGRN,N,N,Account Sum of DB Transactions,A,HK,MULTIPROD,CNY,0,0,0,S,C    
EVRGRN,N,N,Account Sum of DB Transactions,A,IN,MULTIPROD,INR,0,0,0,S,C    
EVRGRN,N,N,Account Sum of CR Transactions,A,IN,MULTIPROD,INR,0,0,0,S,C    
EVRGRN,N,N,Principal Balance,G,PL,CASH,USD,304988.9991,1326092.17,304988.9995,A,C    
EVRGRN,Y,N,Principal Balance,S,DE,CASH,USD,1023.59,1023.59,1023.59,A,C    
EVRGRN,N,N,Principal Balance,S,CH,CASH,USD,2.17,2.17,2.17,A,C    
EVRGRN,Y,N,Account Sum of DB Transactions,A,LK,MULTIPROD,GBP,-5763.43,-5763.43,-4652.62,S,C    
EVRGRN,Y,N,Account Sum of CR Transactions,A,LK,MULTIPROD,GBP,-3529.05,-3529.05,-452.08,S,C    
EVRGRN,N,N,Principal Balance,S,US,CASH,USD,0.01,0.01,0.01,A,C    
EVRGRN,N,N,Principal Balance,S,GB,CASH,USD,18.52,18.52,18.52,A,C    
EVRGRN,Y,N,Principal Balance,T,LK,CASH,GBP,-7377401.284,-7377401.284,-5992284.68,A,PPSL 
EVRGRN,Y,N,Principal Balance,T,LK,CASH,GBP,7847631.085,7847631.085,6374228.23,A,PPSL 
EVRGRN,Y,N,Principal Balance,T,LK,CASH,GBP,10735.406,10735.406,8719.82,A,PPSL 
EVRGRN,Y,N,Principal Balance,S,KR,CASH,USD,-56723800,-56723800,-56723800,A,C    
FIXED,Y,N,Commitments and Contingencies,T,GB,CASH,CAD,0,0,0,S,PPSL 
FIXED,Y,N,Interest Income P&L,T,GB,CASH,CAD,-150699.848,-122410.73,-201369.86,R,PPSL 
FIXED,Y,N,Accrued Interest Amount,T,GB,MULTI-LNS2,CAD,0,0,0,A,PPSL 
FIXED,Y,N,Principal Balance,T,GB,CASH,CAD,0,0,0,A,PPSL 
EVRGRN,Y,N,Inventory Position Amount,T,GB,OVDFT-LIAB,MYR,0,0,0,L,PPSL 
FIXED,Y,N,Principal Balance,T,US,CASH,USD,2500000,2500000,2500000,A,PPSL 
FIXED,Y,N,Accrued Interest Amount,T,US,MULTI-LNS2,USD,7987.78,7987.78,7987.78,A,PPSL 
FIXED,Y,N,Interest Income P&L,T,US,CASH,USD,-7987.78,-7987.78,-7987.78,R,PPSL 
FIXED,Y,N,Principal Balance,T,US,CASH,USD,5000000,5000000,5000000,A,PPSL 
FIXED,Y,N,Principal Balance,T,US,CASH,USD,0,0,0,A,PPSL 
FIXED,Y,N,Principal Balance,T,US,CASH,USD,0,0,0,A,PPSL 
FIXED,Y,N,Principal Balance,T,US,CASH,USD,186161361.9,186161361.9,186161361.9,A,PPSL 
FIXED,Y,N,Accrued Interest Amount,T,US,MULTI-LNS2,USD,22235.94,22235.94,22235.94,A,PPSL 
FIXED,Y,N,Accrued Interest Amount,T,US,MULTI-LNS2,USD,0,0,0,A,PPSL 
FIXED,Y,N,Accrued Interest Amount,T,US,MULTI-LNS2,USD,0,0,0,A,PPSL 
FIXED,Y,N,Accrued Interest Amount,T,US,MULTI-LNS2,USD,634.86,634.86,634.86,A,PPSL 
FIXED,Y,N,Interest Income P&L,T,US,CASH,USD,-634.86,-634.86,-634.86,R,PPSL 
FIXED,Y,N,Interest Income P&L,T,US,CASH,USD,-187545.35,-187545.35,-187545.35,R,PPSL 
FIXED,Y,N,Interest Income P&L,T,US,CASH,USD,-913.75,-913.75,-913.75,R,PPSL 
FIXED,Y,N,Interest Income P&L,T,US,CASH,USD,-22235.94,-22235.94,-22235.94,R,PPSL 
FIXED,Y,N,Principal Balance,T,US,CASH,USD,45600,45600,45600,A,PPSL 
FIXED,Y,N,Principal Balance,T,US,CASH,USD,0,0,0,A,PPSL 
FIXED,Y,N,Accrued Interest Amount,T,US,MULTI-LNS2,USD,459.7,459.7,459.7,A,PPSL 
FIXED,Y,N,Interest Income P&L,T,US,CASH,USD,-190.01,-190.01,-190.01,R,PPSL 
FIXED,Y,N,Transfer Pricing P&L,T,TW,MULTIPROD,TWD,-1285.03,-39054,-39054,R,PPSL 
FIXED,Y,N,Interest Income P&L,T,IE,CASH,EUR,-186615.52,-186615.52,-174350,R,PPSL 
FIXED,Y,N,Commitments and Contingencies,T,IE,CASH,EUR,0,0,0,S,PPSL 
FIXED,Y,N,Accrued Interest Amount,T,IE,MULTI-LNS2,EUR,0,0,0,A,PPSL 
FIXED,Y,N,Principal Balance,T,IE,CASH,EUR,0,0,0,A,PPSL 
EVRGRN,N,N,Principal Balance,G,US,CASH,USD,3501,3501,3501,A,C    
EVRGRN,N,N,Principal Balance,G,US,CASH,USD,-850598071.9,-850598071.9,-850598071.9,A,C    
EVRGRN,N,N,Principal Balance,G,US,CASH,USD,695,695,695,A,C    
EVRGRN,N,N,Principal Balance,G,US,CASH,EUR,-29866.918,-29866.918,-27500.5,A,C    
EVRGRN,N,N,Principal Balance,G,US,CASH,USD,-2317256606,-2317256606,-2317256606,A,C    
EVRGRN,N,N,Principal Balance,G,MX,CASH,MXN,64278.354,1210940,1210940,A,C    
EVRGRN,N,N,Account Sum of DB Transactions,A,HK,MULTIPROD,BRL,0,0,0,S,C    
EVRGRN,N,N,Account Sum of CR Transactions,A,HK,MULTIPROD,BRL,0,0,0,S,C    
EVRGRN,N,Y,Account Sum of DB Transactions,A,PY,MULTIPROD,PYG,-31450502.45,-2.30E+11,-2.30E+11,S,C    
EVRGRN,N,Y,Account Sum of CR Transactions,A,PY,MULTIPROD,PYG,-33013209.9,-2.41E+11,-2.41E+11,S,C    
EVRGRN,Y,N,Principal Balance,S,PH,CASH,USD,-322464511.9,-322464511.9,-322464511.9,A,C    
EVRGRN,N,N,Principal Balance,S,BS,CASH,USD,458743.32,458743.32,458743.32,A,C    
EVRGRN,N,N,Principal Balance,S,US,CASH,USD,168238.27,168238.27,168238.27,A,C    
EVRGRN,N,N,Principal Balance,S,US,CASH,USD,16.24,16.24,16.24,A,C    
EVRGRN,N,N,Principal Balance,S,MX,CASH,USD,151022.87,151022.87,151022.87,A,C    
EVRGRN,N,N,Principal Balance,S,US,CASH,USD,-3944114.86,-3944114.86,-3944114.86,A,C    
FIXED,Y,N,Principal Balance,T,US,CASH,USD,0,0,0,A,PPSL 
FIXED,Y,N,Accrued Interest Amount,T,US,MULTI-LNS2,USD,0,0,0,A,PPSL 
FIXED,Y,N,Interest Income P&L,T,US,CASH,USD,-28142.89,-28142.89,-28142.89,R,PPSL 
FIXED,Y,N,Principal Balance,T,US,CASH,USD,0,0,0,A,PPSL 
FIXED,Y,N,Accrued Interest Amount,T,US,MULTI-LNS2,USD,0,0,0,A,PPSL 
FIXED,Y,N,Interest Income P&L,T,US,CASH,USD,-146.17,-146.17,-146.17,R,PPSL 
FIXED,Y,N,Principal Balance,T,US,CASH,USD,35340.07,35340.07,35340.07,A,PPSL 
FIXED,Y,N,Interest Income P&L,T,US,CASH,USD,-86.59,-86.59,-86.59,R,PPSL 
EVRGRN,N,N,Principal Balance,T,HK,CASH,BRL,-6505.929,-51000.952,-33288.57,A,PPSL 
EVRGRN,N,N,Principal Balance,S,GB,CASH,USD,5541.85,5541.85,5541.85,A,C    
EVRGRN,N,N,Principal Balance,S,US,CASH,USD,92332.46,92332.46,92332.46,A,C    
EVRGRN,Y,N,Principal Balance,S,GB,CASH,USD,2105476637,2105476637,2105476637,A,C    
EVRGRN,Y,N,Principal Balance,S,GB,CASH,USD,-193.12,-193.12,-193.12,A,C    
EVRGRN,N,N,Principal Balance,S,US,CASH,USD,-0.45,-0.45,-0.45,A,C    
FIXED,Y,N,Commitments and Contingencies,T,GB,CASH,USD,0,0,0,S,PPSL 
FIXED,Y,N,Interest Income P&L,T,GB,MULTIPROD,USD,-92020.266,-74746.38,-90629.99,R,PPSL 
EVRGRN,N,N,Inventory Position Amount,T,GB,OVDFT-LIAB,BRL,0,0,0,L,PPSL 
EVRGRN,N,Y,Inventory Position Amount,T,GB,OVDFT-LIAB,TWD,0,0,0,L,PPSL 
FIXED,Y,N,Principal Balance,T,US,CASH,USD,1906243.01,1906243.01,1906243.01,A,PPSL 
FIXED,Y,N,Accrued Interest Amount,T,US,MULTI-LNS2,USD,483.76,483.76,483.76,A,PPSL 
FIXED,Y,N,Interest Income P&L,T,US,CASH,USD,-483.76,-483.76,-483.76,R,PPSL 
FIXED,Y,N,Principal Balance,T,US,CASH,USD,0,0,0,A,PPSL 
FIXED,Y,N,Principal Balance,T,US,CASH,USD,0,0,0,A,PPSL 
FIXED,Y,N,Accrued Interest Amount,T,US,MULTI-LNS2,USD,0,0,0,A,PPSL 
FIXED,Y,N,Accrued Interest Amount,T,US,MULTI-LNS2,USD,0,0,0,A,PPSL 
FIXED,Y,N,Interest Income P&L,T,US,CASH,USD,-20640.46,-20640.46,-20640.46,R,PPSL 
FIXED,Y,N,Interest Income P&L,T,US,CASH,USD,-1821.7,-1821.7,-1821.7,R,PPSL 
FIXED,Y,N,Accrued Interest Amount,T,US,MULTI-LNS2,USD,1821.7,1821.7,1821.7,A,PPSL 
FIXED,Y,N,Principal Balance,T,US,CASH,USD,3000000,3000000,3000000,A,PPSL 
FIXED,Y,N,Commitments and Contingencies,T,FR,CASH,JPY,0,0,0,S,PPSL 
FIXED,Y,N,Interest Income P&L,T,DE,CASH,SEK,-132.45,-123.52,-1373.8,R,PPSL 
FIXED,Y,N,Principal Balance,T,DE,CASH,SEK,0,0,0,A,PPSL 
FIXED,Y,N,Commitments and Contingencies,T,DE,CASH,SEK,0,0,0,S,PPSL 
FIXED,Y,N,Accrued Interest Amount,T,DE,MULTI-LNS2,SEK,0,0,0,A,PPSL 
FIXED,Y,N,Letter of Credit-Issued,T,GB,MULTIPROD,USD,0,0,0,S,PPSL 
FIXED,Y,N,Interest Income P&L,T,GB,CASH,USD,-13958.976,-11327.1,-13958.96,R,PPSL 
FIXED,Y,N,Trans Notional Recvable (FS),T,GB,MULTIPROD,USD,0,0,0,S,PPSL 
FIXED,Y,N,Accrued Interest Amount,T,GB,MULTI-LNS2,USD,13958.96,11338.608,13958.96,A,PPSL 
EVRGRN,Y,Y,Inventory Position Amount,T,ES,OVDFT-LIAB,EUR,0,0,0,L,PPSL 
EVRGRN,Y,N,Principal Balance,T,CA,CASH,CAD,-75657800.59,-100953986.3,-100953986.3,A,C    
EVRGRN,Y,N,Principal Balance,G,DE,CASH,SGD,879695.981,812052.049,1158635.86,A,C    
EVRGRN,N,N,Principal Balance,G,DE,CASH,JPY,-2479846040,-2289159097,-3.23E+11,A,C    
EVRGRN,N,N,Principal Balance,G,US,CASH,USD,103095.5,103095.5,103095.5,A,C    
EVRGRN,N,N,Principal Balance,G,US,CASH,USD,-672959017.4,-672959017.4,-672959017.4,A,C    
EVRGRN,N,N,Principal Balance,G,US,CASH,USD,16184.21,16184.21,16184.21,A,C    
EVRGRN,N,N,Principal Balance,G,US,CASH,USD,-452962.72,-452962.72,-452962.72,A,C    
EVRGRN,N,N,Principal Balance,G,US,CASH,USD,-90739390.62,-90739390.62,-90739390.62,A,C    
EVRGRN,N,N,Principal Balance,G,US,CASH,USD,-351512728.1,-351512728.1,-351512728.1,A,C    
EVRGRN,N,N,Principal Balance,G,US,CASH,USD,1321885458,1321885458,1321885458,A,C    
EVRGRN,N,N,Account Sum of CR Transactions,A,SG,MULTIPROD,TWD,0,0,0,S,C    
EVRGRN,N,N,Account Sum of DB Transactions,A,SG,MULTIPROD,TWD,0,0,0,S,C    
EVRGRN,N,N,Account Sum of DB Transactions,A,HK,MULTIPROD,TWD,0,0,0,S,C    
EVRGRN,N,N,Account Sum of CR Transactions,A,HK,MULTIPROD,TWD,0,0,0,S,C    
EVRGRN,Y,N,GENESIS DEFAULT,T,GB,MULTIPROD,USD,0,0,0,S,C    
EVRGRN,Y,N,Principal Balance,S,PH,CASH,USD,-0.46,-0.46,-0.46,A,C    
EVRGRN,N,N,Principal Balance,S,ZA,CASH,USD,30701773.58,30701773.58,30701773.58,A,C    
EVRGRN,Y,N,Principal Balance,S,UA,OVDFT-LIAB,USD,0.05,0.05,0.05,L,C    
EVRGRN,N,N,Principal Balance,S,US,CASH,USD,-96762976.69,-96762976.69,-96762976.69,A,C    
EVRGRN,Y,N,Principal Balance,S,GB,CASH,USD,683998.39,683998.39,683998.39,A,C    
FIXED,Y,N,Accrued Interest Amount,T,ZM,MULTI-LNS2,USD,0,0,0,A,PPSL 
FIXED,Y,N,Interest Income P&L,T,ZM,CASH,USD,-2100,-38325,-2100,R,PPSL 
FIXED,Y,N,Principal Balance,T,ZM,CASH,USD,0,0,0,A,PPSL 
FIXED,Y,N,Principal Balance,T,US,CASH,USD,0,0,0,A,PPSL 
FIXED,Y,N,Principal Balance,T,US,CASH,USD,192003.13,192003.13,192003.13,A,PPSL 
FIXED,Y,N,Principal Balance,T,US,CASH,USD,0,0,0,A,PPSL 
FIXED,Y,N,Principal Balance,T,US,CASH,USD,38633.76,38633.76,38633.76,A,PPSL 
FIXED,Y,N,Accrued Interest Amount,T,US,MULTI-LNS2,USD,273.78,273.78,273.78,A,PPSL 
FIXED,Y,N,Interest Income P&L,T,US,CASH,USD,-784.41,-784.41,-784.41,R,PPSL 
FIXED,Y,N,Interest Income P&L,T,US,CASH,USD,-157.17,-157.17,-157.17,R,PPSL 
EVRGRN,Y,N,Principal Balance,T,GB,CASH,EUR,-146952.513,-119366.837,-135309.16,A,PPSL 
EVRGRN,Y,N,Principal Balance,T,GB,CASH,GBP,147591.248,119885.67,119885.67,A,PPSL 
FIXED,Y,N,Interest Income P&L,T,GB,CASH,GBP,-8782.457,-7182.81,-7182.81,R,PPSL 
EVRGRN,N,N,Account Sum of CR Transactions,A,HK,MULTIPROD,BRL,0,0,0,S,C    
EVRGRN,N,N,Account Sum of DB Transactions,A,HK,MULTIPROD,BRL,0,0,0,S,C    
EVRGRN,N,N,Account Sum of DB Transactions,A,HK,MULTIPROD,INR,0,0,0,S,C    
EVRGRN,N,N,Account Sum of CR Transactions,A,HK,MULTIPROD,INR,0,0,0,S,C    
EVRGRN,N,N,Principal Balance,S,SG,CASH,USD,-153040.56,-153040.56,-153040.56,A,C    
EVRGRN,Y,N,GENESIS DEFAULT,T,GB,MULTIPROD,USD,0,0,0,S,C    
EVRGRN,N,N,Principal Balance,S,MX,CASH,USD,-135865.63,-135865.63,-135865.63,A,C    
EVRGRN,Y,N,Principal Balance,S,TN,CASH,USD,82486342.58,82486342.58,82486342.58,A,C    
EVRGRN,Y,N,Principal Balance,S,GB,CASH,USD,-263818909.9,-263818909.9,-263818909.9,A,C    
EVRGRN,Y,N,Principal Balance,T,GB,CASH,GBP,-19.74,-19.74,-16.04,A,C    
EVRGRN,Y,N,Principal Balance,T,GB,CASH,EUR,330101501.2,330101501.2,303946872.7,A,C    
EVRGRN,Y,N,Principal Balance,S,DE,CASH,USD,2856.73,2856.73,2856.73,A,C    
FIXED,N,N,Commitments and Contingencies,T,GB,CASH,USD,149266,121246.04,149266,S,PPSL 
FIXED,Y,N,Principal Balance,T,US,CASH,USD,0,0,0,A,PPSL 
FIXED,Y,N,Accrued Interest Amount,T,US,MULTI-LNS2,USD,0,0,0,A,PPSL 
FIXED,Y,N,Interest Income P&L,T,US,CASH,USD,-2248.81,-2248.81,-2248.81,R,PPSL 
EVRGRN,N,N,Principal Balance,T,HK,CASH,INR,-1629898.227,-12777016.68,-133701149.8,A,PPSL 
EVRGRN,N,N,Principal Balance,T,HK,CASH,INR,1629898.227,12777016.68,133701149.8,A,FRM  
EVRGRN,N,N,Principal Balance,T,HK,CASH,INR,1622359.36,12717918.38,133082733.8,A,PPSL 
EVRGRN,N,N,Principal Balance,T,HK,CASH,INR,-1629898.227,-12777016.68,-133701149.8,A,FRM  
EVRGRN,N,N,Principal Balance,T,HK,CASH,INR,7538.867,59098.307,618416,A,PPSL 
EVRGRN,N,N,Principal Balance,T,HK,CASH,INR,-1629898.227,-12777016.68,-133701149.8,A,FRM  
EVRGRN,N,N,Principal Balance,T,HK,CASH,INR,1629898.227,12777016.68,133701149.8,A,FRM  
EVRGRN,N,N,Inventory Position Amount,T,HK,OVDFT-LIAB,INR,1629898.227,12777016.68,133701149.8,L,PPSL 
EVRGRN,N,N,Inventory Position Amount,T,HK,OVDFT-LIAB,INR,-1629898.227,-12777016.68,-133701149.8,L,PPSL 
EVRGRN,N,N,Inventory Position Amount,T,LU,OVDFT-LIAB,BRL,0,0,0,L,PPSL 
EVRGRN,N,N,Principal Balance,S,JE,CASH,USD,-12995.71,-12995.71,-12995.71,A,C    
EVRGRN,N,N,Principal Balance,G,US,CASH,ZAR,153242042.4,153242042.4,2670625694,A,C    
EVRGRN,N,N,Principal Balance,G,US,CASH,USD,-28078867,-28078867,-28078867,A,C    
EVRGRN,N,N,Account Sum of DB Transactions,A,HK,MULTIPROD,TWD,0,0,0,S,C    
EVRGRN,N,N,Account Sum of CR Transactions,A,HK,MULTIPROD,TWD,0,0,0,S,C    
EVRGRN,N,N,Account Sum of DB Transactions,A,IN,MULTIPROD,INR,-1648.16651,-135026,-135026,S,C    
EVRGRN,N,N,Account Sum of CR Transactions,A,IN,MULTIPROD,INR,-1648.16651,-135026,-135026,S,C    
FIXED,Y,N,Principal Balance,T,CR,CASH,CRC,0,0,0,A,PPSL 
FIXED,Y,N,Accrued Interest Amount,T,CR,MULTI-LNS2,CRC,0,0,0,A,PPSL 
FIXED,Y,N,Interest Income P&L,T,CR,CASH,CRC,-29765.888,-17791666.67,-17791666.67,R,PPSL 
EVRGRN,Y,N,GENESIS DEFAULT,T,GB,MULTIPROD,USD,0,0,0,S,C    
EVRGRN,N,N,Account Sum of DB Transactions,A,TH,MULTIPROD,THB,-25663.88528,-841443,-841443,S,C    
EVRGRN,N,N,Account Sum of CR Transactions,A,TH,MULTIPROD,THB,-155793.4778,-5108008,-5108008,S,C    
EVRGRN,N,N,Principal Balance,S,GB,CASH,USD,-457073.19,-457073.19,-457073.19,A,C    
EVRGRN,N,N,Principal Balance,S,HK,CASH,USD,-1409251.6,-1409251.6,-1409251.6,A,C    
EVRGRN,Y,N,Principal Balance,S,DE,CASH,USD,137076.37,137076.37,137076.37,A,C    
EVRGRN,N,N,Principal Balance,S,SG,CASH,USD,7988739.68,7988739.68,7988739.68,A,C    
EVRGRN,N,N,Principal Balance,S,US,CASH,USD,-294603,-294603,-294603,A,C    
EVRGRN,Y,N,Principal Balance,S,IN,OVDFT-LIAB,USD,256010065.3,256010065.3,256010065.3,L,C    
EVRGRN,Y,N,Principal Balance,S,TH,OVDFT-LIAB,USD,-124610.01,-124610.01,-124610.01,L,C    
EVRGRN,N,N,Principal Balance,S,MX,CASH,USD,1990.31,1990.31,1990.31,A,C    
EVRGRN,N,N,Principal Balance,S,US,CASH,USD,3.28,3.28,3.28,A,C    
EVRGRN,N,N,Principal Balance,S,MX,CASH,USD,-61298.37,-61298.37,-61298.37,A,C    
EVRGRN,N,N,Principal Balance,S,US,CASH,USD,-352932.66,-352932.66,-352932.66,A,C    
EVRGRN,N,N,Inventory Position Amount,T,TH,OVDFT-LIAB,THB,7680229.309,251812062.4,251812062.4,L,PPSL 
EVRGRN,N,N,Inventory Position Amount,T,TH,OVDFT-LIAB,THB,-7680158.544,-251809742.2,-251809742.2,L,PPSL 
EVRGRN,N,N,Principal Balance,T,TH,CASH,THB,-7248835.312,-237667925.8,-237667925.8,A,PPSL 
EVRGRN,N,N,Principal Balance,T,TH,CASH,THB,7274651.694,238514368.8,238514368.8,A,PPSL 
EVRGRN,N,N,Principal Balance,T,TH,CASH,THB,-252900.612,-8291865,-8291865,A,ADJSL
EVRGRN,N,N,Principal Balance,S,DE,CASH,USD,27233.18,27233.18,27233.18,A,C    
FIXED,Y,N,Principal Balance,T,US,CASH,USD,0,0,0,A,PPSL 
FIXED,Y,N,Accrued Interest Amount,T,US,MULTI-LNS2,USD,0,0,0,A,PPSL 
FIXED,Y,N,Interest Income P&L,T,US,CASH,USD,-23023.32,-23023.32,-23023.32,R,PPSL 
FIXED,Y,N,Principal Balance,T,US,CASH,USD,0,0,0,A,PPSL 
FIXED,Y,N,Principal Balance,T,US,CASH,USD,0,0,0,A,PPSL 
FIXED,Y,N,Accrued Interest Amount,T,US,MULTI-LNS2,USD,0,0,0,A,PPSL 
FIXED,Y,N,Interest Income P&L,T,US,CASH,USD,-114.95,-114.95,-114.95,R,PPSL 
FIXED,Y,N,Principal Balance,T,US,CASH,USD,0,0,0,A,PPSL 
EVRGRN,Y,N,Principal Balance,S,DE,CASH,USD,1013790.99,1013790.99,1013790.99,A,C    
EVRGRN,Y,Y,Inventory Position Amount,T,GB,OVDFT-LIAB,RUB,0,0,0,L,PPSL 
EVRGRN,Y,Y,Principal Balance,T,GB,CASH,RUB,163.123,132.502,11447.2,A,PPSL 
FIXED,Y,N,Principal Balance,T,US,CASH,USD,0,0,0,A,PPSL 
FIXED,Y,N,Accrued Interest Amount,T,US,MULTI-LNS2,USD,0,0,0,A,PPSL 
FIXED,Y,N,Principal Balance,T,US,CASH,USD,986486.54,986486.54,986486.54,A,PPSL 
FIXED,Y,N,Principal Balance,T,US,CASH,USD,141120.06,141120.06,141120.06,A,PPSL 
FIXED,Y,N,Interest Income P&L,T,US,CASH,USD,-3747.61,-3747.61,-3747.61,R,PPSL 
FIXED,Y,N,Interest Income P&L,T,US,CASH,USD,-134.16,-134.16,-134.16,R,PPSL 
FIXED,Y,N,Commitments and Contingencies,T,DE,CASH,JPY,0,0,0,S,PPSL 
FIXED,Y,N,Principal Balance,T,DE,CASH,JPY,0,0,0,A,PPSL 
FIXED,Y,N,Interest Income P&L,T,GB,CASH,EUR,43.563,35.63,40.45,R,PPSL 
FIXED,Y,N,Interest Income P&L,T,GB,CASH,USD,-82.939,-67.84,-82.9,R,PPSL 
FIXED,Y,N,Accrued Interest Amount,T,GB,MULTI-LNS2,EUR,-1230.07,-999.163,-1132.609,A,PPSL 
FIXED,Y,N,Accrued Interest Amount,T,GB,MULTI-LNS2,USD,3056.42,2482.674,3056.42,A,PPSL 
EVRGRN,N,Y,Inventory Position Amount,T,LU,OVDFT-LIAB,KRW,0,0,0,L,PPSL 
FIXED,Y,N,Interest Income P&L,T,LU,CASH,TRY,-786.015,-728.5,-14773.05,R,PPSL 
FIXED,Y,N,Commitments and Contingencies,T,LU,CASH,TRY,0,0,0,S,PPSL 
EVRGRN,N,Y,Inventory Position Amount,T,GB,OVDFT-LIAB,BRL,0,0,0,L,PPSL 
EVRGRN,Y,N,Inventory Position Amount,T,GB,OVDFT-LIAB,BRL,0,0,0,L,PPSL 
EVRGRN,N,N,Inventory Position Amount,T,GB,OVDFT-LIAB,EGP,0,0,0,L,PPSL 
EVRGRN,N,N,Inventory Position Amount,T,GB,OVDFT-LIAB,KRW,0,0,0,L,PPSL 
FIXED,Y,N,Principal Balance,T,LU,CASH,TRY,0,0,0,A,PPSL 
FIXED,Y,N,Accrued Interest Amount,T,LU,MULTI-LNS2,TRY,0,0,0,A,PPSL 
EVRGRN,Y,N,Principal Balance,S,JE,CASH,USD,-85.26,-85.26,-85.26,A,C    
EVRGRN,N,N,Principal Balance,G,US,CASH,USD,322684866.5,322684866.5,322684866.5,A,C    
EVRGRN,N,N,Principal Balance,G,US,CASH,USD,3261.16,3261.16,3261.16,A,C    
EVRGRN,N,N,Principal Balance,G,US,CASH,USD,-5883,-5883,-5883,A,C    
EVRGRN,N,N,Principal Balance,G,US,CASH,USD,403071,403071,403071,A,C    
EVRGRN,N,N,Principal Balance,G,US,CASH,MAD,651.62,651.62,6655,A,C    
EVRGRN,N,N,Principal Balance,G,US,OVDFT-LIAB,NOK,-8.65,-8.65,-86.4,L,C    
EVRGRN,N,N,Principal Balance,T,CR,CASH,USD,49430.22599,27552465.94,49430.33,A,C    
FIXED,Y,N,Principal Balance,T,CA,CASH,CAD,0,0,0,A,PPSL 
FIXED,Y,N,Interest Income P&L,T,CA,CASH,CAD,-225431.813,-302157.53,-302157.53,R,PPSL 
FIXED,Y,N,Commission Agency Receivable,T,CA,MULTI-LNS2,CAD,0,0,0,A,PPSL 
FIXED,Y,N,Principal Balance,T,US,CASH,USD,250000000,250000000,250000000,A,PPSL 
FIXED,Y,N,Principal Balance,T,US,CASH,USD,0,0,0,A,PPSL 
FIXED,Y,N,Accrued Interest Amount,T,US,MULTI-LNS2,USD,1371479.58,1371479.58,1371479.58,A,PPSL 
FIXED,Y,N,Accrued Interest Amount,T,US,MULTI-LNS2,USD,0,0,0,A,PPSL 
FIXED,Y,N,Interest Income P&L,T,US,CASH,USD,-13575.09,-13575.09,-13575.09,R,PPSL 
FIXED,Y,N,Interest Income P&L,T,US,CASH,USD,-360303.95,-360303.95,-360303.95,R,PPSL 
FIXED,Y,N,Principal Balance,T,US,CASH,USD,423297,423297,423297,A,PPSL 
FIXED,Y,N,Accrued Interest Amount,T,US,MULTI-LNS2,USD,6153.41,6153.41,6153.41,A,PPSL 
FIXED,Y,N,Interest Income P&L,T,US,CASH,USD,-1834.19,-1834.19,-1834.19,R,PPSL 
EVRGRN,N,N,Trans Notional Payable (FS),T,JE,MULTIPROD,GBP,0,0,0,S,PPSL 
EVRGRN,N,N,MTM P&L-FX Revaluation,T,JE,MULTIPROD,GBP,-0.037,-0.03,-0.03,R,PPSL 
EVRGRN,N,N,Trans Notional Payable (FS),T,JE,MULTIPROD,NZD,0,0,0,S,PPSL 
FIXED,Y,N,Interest Income P&L,T,GB,CASH,USD,-2767.125,-2263.42,-2766.62,R,PPSL 
FIXED,Y,N,Interest Income P&L,T,GB,CASH,USD,-1741.205,-1424.25,-1740.91,R,PPSL 
FIXED,Y,N,Accrued Interest Amount,T,GB,MULTI-LNS2,USD,7749.859,6295.069,7749.86,A,PPSL 
FIXED,Y,N,Accrued Interest Amount,T,GB,MULTI-LNS2,USD,20526.56,16673.349,20526.56,A,PPSL 
EVRGRN,N,N,Inventory Position Amount,T,LU,OVDFT-LIAB,TWD,0,0,0,L,PPSL 
EVRGRN,Y,N,Inventory Position Amount,T,IE,OVDFT-LIAB,USD,0,0,0,L,PPSL 
EVRGRN,N,N,Principal Balance,G,US,CASH,USD,411746,411746,411746,A,C    
EVRGRN,N,N,Principal Balance,G,US,CASH,USD,380570,380570,380570,A,C    
