BASE_CCY_AMT,FNCT_CCY_AMT,TXN_CCY_AMT,IB_FLAG_O,TXN_CCY,OPER_DPST_FLAG,LV_DMC_CTRY,FRS_ACCOUNT_CLASS,ACCT_TYP,ACTG_UNIT_NM,ROW_SRC_IND,REC_TYP,ARRG_MAT_TYP_CD
0,-8291865,-91063.37,Y,GBP,N,BG,CASH,S,Interest Income P&L,C    ,T,FIXED
0,-106865.89,-13575.09,Y,INR,N,US,MULTI-LNS2,A,Accrued Interest Amount,C    ,T,FIXED
0,0,0,Y,PLN,N,GB,CASH,R,Commitments and Contingencies,PPSL ,G,EVRGRN
0,-280000000,-216311427.4,Y,USD,N,US,CASH,A,Principal Balance,C    ,T,EVRGRN
-1820.29,0,0,Y,USD,N,HK,MULTI-LNS2,S,Principal Balance,C    ,T,FIXED
0,0,-58.96,Y,EUR,N,US,CASH,A,Accrued Interest Amount,PPSL ,S,EVRGRN
-671739.681,39549900,0,Y,USD,N,GB,CASH,S,Principal Balance,PPSL ,T,EVRGRN
75243.077,0,0,Y,TWD,N,TH,CASH,A,Principal Balance,C    ,T,EVRGRN
0,273.78,186161361.9,N,CAD,N,US,CASH,A,Principal Balance,PPSL ,T,EVRGRN
88626.71,-567.08,0,N,BRL,N,IN,CASH,A,Principal Balance,C    ,A,EVRGRN
-165.449,22010282.05,-25.37,Y,USD,N,US,MULTIPROD,L,Principal Balance,PPSL ,G,EVRGRN
149266,0,2054.12,Y,USD,N,GB,CASH,S,Accrued Interest Amount,PPSL ,S,EVRGRN
-1199.667,-193.12,0,Y,USD,N,US,CASH,S,Principal Balance,PPSL ,G,FIXED
-36058.063,30987257.2,3668926.73,Y,USD,N,US,MULTI-LNS2,A,Commitments and Contingencies,C    ,T,EVRGRN
0,0,322684866.5,Y,USD,N,HK,MULTI-LNS2,A,Principal Balance,PPSL ,T,FIXED
-55725541.5,-135026,1557.04,N,USD,N,GB,CASH,R,Accrued Interest Amount,PPSL ,T,EVRGRN
0,0,0,Y,INR,Y,US,CASH,R,Principal Balance,PPSL ,S,EVRGRN
0,-2829094.67,612109.79,N,USD,N,US,CASH,S,Accrued Interest Amount,PPSL ,S,EVRGRN
-49662.93,-1088.46,458743.32,N,CAD,N,US,MULTIPROD,A,Principal Balance,PPSL ,T,EVRGRN
145839433.3,-819958.62,-452962.72,N,USD,N,US,CASH,S,Account Sum of CR Transactions,PPSL ,S,FIXED
35340.07,-20640.46,-146.17,N,ZAR,N,HK,CASH,L,Principal Balance,C    ,T,FIXED
-2767.125,-456460482.8,0,N,TRY,N,TH,CASH,A,Commitments and Contingencies,C    ,G,FIXED
7749.859,0,0,N,USD,N,GB,MULTI-LNS2,A,Treasury Trn Px PL - Funding Exp,C    ,T,FIXED
0,-124610.01,-187545.35,Y,GBP,N,GB,CASH,A,Scheduled Principal Balance Amt,PPSL ,S,EVRGRN
0,10735.406,10000,Y,USD,N,HK,MULTI-LNS2,A,GENESIS DEFAULT,PPSL ,G,EVRGRN
581262.48,3343285.455,0,N,USD,N,KR,CASH,A,Account Sum of DB Transactions,C    ,G,EVRGRN
0,-5108008,-22408.16,Y,EUR,N,US,CASH,A,Principal Balance,C    ,G,FIXED
-135865.63,0,34374455.5,Y,GBP,N,TH,CASH,A,Accrued Interest Amount,C    ,G,FIXED
549430.04,150000000,186161361.9,N,MXN,N,GB,CASH,S,Interest Income P&L,PPSL ,T,EVRGRN
18907.713,251812062.4,168522.98,Y,USD,N,IE,CASH,R,Inventory Position Amount,C    ,T,EVRGRN
304988.9991,283426617.8,0,Y,GBP,N,DE,MULTIPROD,S,Principal Balance,PPSL ,T,EVRGRN
-1088.46,62600.45,-153040.56,N,USD,N,AU,CASH,A,GENESIS DEFAULT,PPSL ,T,EVRGRN
2530000,0,-1164285.89,N,EUR,N,GB,CASH,A,Principal Balance,C    ,G,EVRGRN
0,-190.01,-135026,N,BRL,N,GB,CASH,A,Account Sum of CR Transactions,PPSL ,T,FIXED
-19.74,-90739390.62,3261.16,Y,ZAR,N,SG,CASH,A,Principal Balance,C    ,G,EVRGRN
2856.73,-2.41E+11,4647,Y,USD,N,GB,CASH,A,Inventory Position Amount,PPSL ,S,FIXED
0,0,0,Y,USD,N,US,CASH,L,Principal Balance,PPSL ,T,EVRGRN
-2317256606,3501,-84.86,Y,USD,N,US,CASH,S,Principal Balance,C    ,S,FIXED
-638.28,-5,0,Y,USD,N,IN,CASH,S,Account Sum of CR Transactions,C    ,G,EVRGRN
0,0,256010065.3,N,KRW,N,GB,MULTIPROD,A,Accrued Interest Amount,PPSL ,T,EVRGRN
-90739390.62,-2289159097,-25.76,N,USD,N,US,CASH,A,Account Sum of CR Transactions,PPSL ,T,EVRGRN
103095.5,16.24,-133701149.8,Y,USD,N,CR,CASH,A,Principal Balance,C    ,T,FIXED
0,0,0,N,USD,N,GB,OVDFT-LIAB,A,Accrued Interest Amount,PPSL ,T,FIXED
0,-85.26,0,Y,USD,N,BS,OVDFT-LIAB,R,Accrued Interest Amount,C    ,T,FIXED
0,-28142.89,168238.27,Y,USD,N,US,MULTI-LNS2,S,Commitments and Contingencies,PPSL ,A,FIXED
0,-1382526,281397.6,Y,CHF,N,US,MULTI-LNS2,A,Principal Balance,PPSL ,S,EVRGRN
-1821.7,-5883,-25.76,N,USD,N,US,CASH,S,Interest Income P&L,C    ,A,EVRGRN
-216311427.4,0,549430.04,N,USD,N,AU,MULTIPROD,A,Principal Balance,PPSL ,T,EVRGRN
-697.039,30701773.58,-134.16,Y,USD,N,GB,CASH,R,Principal Balance,PPSL ,T,FIXED
-72.091,-146.17,22235.94,Y,TWD,N,US,CASH,S,Principal Balance,C    ,G,EVRGRN
-31450502.45,0,2856.73,N,THB,N,US,CASH,A,Interest Income P&L,PPSL ,G,FIXED
845.73,0,-39054,N,USD,N,SG,CASH,S,Interest Income P&L,C    ,T,EVRGRN
-845.73,-134.391,367920,N,USD,Y,US,OVDFT-LIAB,A,Inventory Position Amount,C    ,T,EVRGRN
-1885.4501,0,380570,Y,TWD,N,IE,MULTIPROD,R,Accrued Interest Amount,C    ,A,FIXED
13000000,-457073.19,0,Y,USD,N,GB,OVDFT-LIAB,R,Account Sum of CR Transactions,C    ,G,EVRGRN
-56723800,3261.16,0,N,AUD,N,US,MULTI-LNS2,A,Principal Balance,PPSL ,A,FIXED
-784.41,18.52,103095.5,Y,USD,N,SG,CASH,A,Trans Notional Payable (FS),PPSL ,T,EVRGRN
0,0,-130.66,Y,GBP,N,GB,CASH,R,Principal Balance,PPSL ,T,FIXED
-2317256606,0,13000000,Y,USD,Y,US,MULTIPROD,A,Principal Balance,PPSL ,T,FIXED
22706315,0,0,N,USD,N,JE,CASH,A,Accrued Interest Amount,C    ,S,FIXED
-124610.01,219668.97,612109.79,N,USD,N,US,CASH,L,Forward Dated Assets - Buy,PPSL ,G,FIXED
-56723800,186161361.9,458743.32,N,USD,N,US,CASH,S,Principal Balance,PPSL ,T,FIXED
76637.167,-294603,0,Y,RUB,N,US,CASH,A,Principal Balance,C    ,T,EVRGRN
5046.875,-0.46,17482.86,Y,USD,N,GB,CASH,A,Principal Balance,PPSL ,G,EVRGRN
695,-3529.05,-4671.88,N,USD,N,GB,MULTIPROD,A,Principal Balance,C    ,S,EVRGRN
-92020.266,0,-1216112.5,Y,USD,N,US,MULTIPROD,L,Inventory Position Amount,C    ,T,EVRGRN
45600,5000000,-39792,N,KRW,N,US,MULTIPROD,S,Interest Income P&L,PPSL ,T,FIXED
-14902.94,-61298.37,-9566.67,Y,CRC,N,GB,MULTI-LNS2,S,Accrued Interest Amount,C    ,T,FIXED
-1088.46,-6370805.93,-452962.72,Y,GBP,N,US,CASH,A,Principal Balance,PPSL ,S,EVRGRN
-152.499,-280000000,60.58,N,EUR,N,LU,CASH,S,Interest Income P&L,PPSL ,T,FIXED
88626.71,0,1990.31,Y,USD,N,US,MULTIPROD,A,Interest Income P&L,PPSL ,T,FIXED
-1.8,0,304988.9995,Y,USD,N,TH,CASH,A,Principal Balance,PPSL ,T,EVRGRN
-4602998.1,-14902.94,0,Y,USD,N,MX,CASH,A,Principal Balance,PPSL ,S,EVRGRN
-3.046,249469.57,0,Y,USD,N,US,MULTIPROD,A,Commitments and Contingencies,PPSL ,T,EVRGRN
0,0,0,N,USD,N,SG,CASH,S,Account Sum of CR Transactions,C    ,T,FIXED
-1629898.227,424025.83,-2100,Y,CNY,N,US,CASH,R,Inventory Position Amount,PPSL ,S,FIXED
-23023.32,-51000.952,0,N,SEK,N,US,CASH,L,Principal Balance,PPSL ,S,EVRGRN
-134.16,0,-22.82,Y,USD,N,AU,CASH,A,Principal Balance,C    ,T,FIXED
2330.891,0,0,N,USD,N,HK,OVDFT-LIAB,A,Inventory Position Amount,C    ,S,FIXED
168238.27,180180,0,Y,USD,N,MX,CASH,A,Accrued Interest Amount,PPSL ,T,EVRGRN
-38541515.45,6295.069,0,Y,USD,N,SG,CASH,A,Interest Income P&L,C    ,S,EVRGRN
3.074,695,0,N,USD,N,HK,MULTI-LNS2,S,Principal Balance,C    ,T,EVRGRN
0,589167500,-1834.19,N,USD,N,LU,CASH,A,Account Sum of CR Transactions,C    ,T,EVRGRN
0,1013790.99,0,N,USD,N,LU,MULTI-LNS2,A,Account Sum of CR Transactions,PPSL ,T,FIXED
64278.354,-135865.63,22235.94,Y,USD,N,RU,CASH,S,Trans Notional Recvable (FS),C    ,T,EVRGRN
5052696.114,0,6278500,N,USD,N,GB,CASH,A,Interest Income P&L,PPSL ,T,EVRGRN
30701773.58,-170903.46,459.7,Y,USD,N,LU,MULTIPROD,L,Principal Balance,C    ,T,FIXED
-1230.07,0,119885.67,Y,USD,N,US,MULTIPROD,A,Interest Income P&L,C    ,G,FIXED
0,273.78,-133701149.8,N,USD,N,GB,CASH,A,Principal Balance,C    ,T,EVRGRN
-153040.56,0,1023.59,N,THB,N,HK,MULTI-LNS2,A,Principal Balance,C    ,T,EVRGRN
0,62600.45,-27312500,N,USD,N,TH,CASH,A,Accrued Interest Amount,PPSL ,T,FIXED
5052696.114,-27312500,-570.08,Y,PLN,N,US,MULTI-LNS2,A,Commitments and Contingencies,PPSL ,T,EVRGRN
0,-12777016.68,-9251.8,N,USD,N,ID,MULTIPROD,A,Account Sum of DB Transactions,PPSL ,T,EVRGRN
-152.499,-322464511.9,-90739390.62,Y,RUB,N,GB,MULTI-LNS2,R,Principal Balance,C    ,S,EVRGRN
0,-153040.56,151022.87,Y,TWD,N,US,MULTI-LNS2,A,Principal Balance,PPSL ,S,EVRGRN
2330.891,219668.97,0,Y,CNY,N,GB,CASH,A,Accrued Interest Amount,PPSL ,T,FIXED
0,-216311427.4,0,Y,USD,N,LK,MULTI-LNS2,S,Commission Agency Receivable,C    ,S,EVRGRN
-50936704,-856.68,-278.28,Y,CNY,N,GB,MULTI-LNS2,A,Treasury Trn Px PL - Funding Exp,PPSL ,T,FIXED
70085.7,-28078867,92332.46,N,USD,N,GB,CASH,R,Commitments and Contingencies,PPSL ,S,FIXED
0,7904438.36,-913.75,Y,INR,N,GB,MULTI-LNS2,A,Principal Balance,C    ,T,EVRGRN
4023410.501,34374455.5,0,Y,THB,N,CH,CASH,R,Principal Balance,C    ,S,EVRGRN
65.716,0,0,Y,USD,N,CR,MULTI-LNS2,A,Commitments and Contingencies,PPSL ,G,EVRGRN
-170903.46,-13575.09,1119436.84,Y,USD,N,TH,MULTI-LNS2,L,Principal Balance,PPSL ,T,EVRGRN
3668926.73,0,280000000,Y,USD,N,US,CASH,A,Accrued Interest Amount,PPSL ,T,FIXED
0,-3944114.86,0,N,RUB,N,US,MULTIPROD,S,Inventory Position Amount,C    ,T,EVRGRN
-56723800,-216311427.4,250000000,Y,USD,N,US,CASH,S,Principal Balance,C    ,T,EVRGRN
0,555690065.2,0,Y,INR,N,US,CASH,A,Accrued Interest Amount,PPSL ,T,FIXED
407.77,-0.46,30087561,Y,AUD,N,ID,MULTI-LNS2,A,Inventory Position Amount,C    ,T,EVRGRN
0,0,133701149.8,N,USD,N,US,MULTI-LNS2,A,Account Sum of DB Transactions,PPSL ,G,FIXED
483.76,-23023.32,-133701149.8,Y,USD,N,US,CASH,A,Principal Balance,FRM  ,A,EVRGRN
0,0,0,Y,USD,N,TH,CASH,R,Principal Balance,PPSL ,T,EVRGRN
-12995.71,1371479.58,-25.37,Y,CZK,N,DE,OVDFT-LIAB,R,Principal Balance,C    ,G,EVRGRN
137076.37,11418302.73,-819958.62,Y,USD,N,TH,CASH,R,Principal Balance,C    ,A,EVRGRN
-8.65,-72738.494,0,Y,PLN,N,US,CASH,A,Principal Balance,PPSL ,T,FIXED
10735.406,-1424.25,-1214920,Y,USD,N,US,CASH,S,Principal Balance,PPSL ,T,FIXED
137076.37,-1424.25,-39792,Y,EUR,N,US,CASH,A,Principal Balance,PPSL ,T,FIXED
0,403071,-86.4,Y,USD,N,US,CASH,A,Principal Balance,C    ,S,EVRGRN
2530000,0,-2100,Y,USD,N,US,CASH,A,Principal Balance,PPSL ,T,FIXED
38633.76,-1747368651,0,N,CRC,N,US,CASH,L,Principal Balance,PPSL ,A,EVRGRN
3057041.32,-2395579.55,40.45,Y,USD,N,DE,CASH,A,Principal Balance,PPSL ,G,FIXED
1622359.36,0,-5000,N,USD,N,BD,CASH,S,Principal Balance,PPSL ,T,EVRGRN
5000000,69817.04,0,Y,USD,N,TN,CASH,A,Inventory Position Amount,PPSL ,T,EVRGRN
92332.46,0.05,88626.71,N,USD,N,US,OVDFT-LIAB,A,Principal Balance,C    ,T,FIXED
0,-17791666.67,0,N,USD,N,BG,CASH,L,Accrued Interest Amount,C    ,T,EVRGRN
0,786.59,0,Y,USD,N,US,CASH,A,Interest Income P&L,PPSL ,G,EVRGRN
403071,4165.34,192003.13,Y,USD,N,RU,CASH,A,Commitments and Contingencies,PPSL ,T,EVRGRN
483.76,0,0,N,USD,N,BS,CASH,A,Commitments and Contingencies,C    ,G,EVRGRN
-2656.06,0,-823872429.4,N,USD,N,GB,OVDFT-LIAB,S,Commitments and Contingencies,PPSL ,T,EVRGRN
-294603,-186615.52,249469.57,Y,ZAR,N,US,MULTIPROD,A,Accrued Interest Amount,C    ,T,FIXED
1023.59,3501,-2306739.76,Y,USD,N,US,CASH,A,Account Sum of DB Transactions,C    ,S,EVRGRN
4023410.501,0,0,Y,EUR,N,US,CASH,A,Principal Balance,PPSL ,T,FIXED
695,-4602998.1,-17791666.67,Y,MXN,N,BG,CASH,S,Interest Income P&L,C    ,T,FIXED
0,-186615.52,1570.83,N,KRW,N,MX,CASH,S,Principal Balance,PPSL ,T,EVRGRN
-6562150254,555690065.2,0,N,GBP,N,GB,MULTI-LNS2,A,Interest Income P&L,C    ,T,EVRGRN
-1181.024,-23023.32,1990.31,Y,USD,N,LK,CASH,A,Inventory Position Amount,PPSL ,G,FIXED
0,-51000.952,5568620,Y,MXN,N,US,CASH,A,Principal Balance,PPSL ,S,EVRGRN
0,423297,458743.32,Y,USD,N,US,CASH,A,Interest Income P&L,PPSL ,T,EVRGRN
-85.26,-5182840.53,-5609.98,N,USD,N,DE,CASH,R,Accrued Interest Amount,PPSL ,A,EVRGRN
-263818909.9,-2656.06,-5883,Y,USD,N,MX,CASH,A,Accrued Interest Amount,PPSL ,S,EVRGRN
-92020.266,-17272.05,-12454.54,Y,USD,N,MX,MULTI-LNS2,A,Principal Balance,PPSL ,A,FIXED
0,264449.681,0,Y,USD,N,US,OVDFT-LIAB,S,Commitments and Contingencies,C    ,T,EVRGRN
137076.37,-7182.81,0,Y,USD,N,JE,MULTIPROD,A,Principal Balance,PPSL ,G,EVRGRN
0,30987257.2,-91063.37,Y,THB,N,US,CASH,A,Principal Balance,PPSL ,T,FIXED
0,0,0,Y,TWD,N,US,CASH,A,Inventory Position Amount,PPSL ,T,EVRGRN
0,-3747.61,0.76,Y,ZAR,N,DE,CASH,S,Principal Balance,C    ,S,EVRGRN
-1409251.6,0,0,N,USD,N,US,CASH,R,Interest Income P&L,C    ,T,EVRGRN
0,0,-157.17,N,USD,N,BG,CASH,S,Principal Balance,PPSL ,G,EVRGRN
0,16.24,3056.42,Y,THB,N,ID,CASH,A,Inventory Position Amount,C    ,S,EVRGRN
0,3057041.32,0,Y,EUR,N,GB,CASH,S,Overdue Penalty Interest,PPSL ,T,FIXED
0,-55725541.5,30987257.2,N,USD,N,HK,CASH,R,Principal Balance,PPSL ,T,EVRGRN
0,5541.85,-2.41E+11,N,USD,N,GB,MULTIPROD,A,Interest Income P&L,PPSL ,T,FIXED
-216845.69,-1747368651,0,N,USD,N,US,CASH,S,Accrued Interest Amount,C    ,A,FIXED
34374455.5,-1077.413,2.83,N,USD,N,MX,CASH,A,Principal Balance,C    ,T,EVRGRN
65.716,0,-570.08,N,USD,N,US,MULTI-LNS2,A,Principal Balance,PPSL ,T,FIXED
0,249469.57,-50936704,N,USD,N,US,MULTI-LNS2,S,Principal Balance,PPSL ,S,FIXED
0,-360303.95,612109.79,Y,USD,N,TN,OVDFT-LIAB,A,Principal Balance,PPSL ,T,FIXED
-193.12,255.73,16184.21,N,USD,N,HK,CASH,A,Inventory Position Amount,C    ,G,FIXED
0,168522.98,0,N,GBP,N,LU,CASH,A,Principal Balance,C    ,T,FIXED
-28142.89,3501,0,Y,USD,N,GB,CASH,S,Principal Balance,PPSL ,T,EVRGRN
2539718.516,2.17,0,Y,USD,N,US,CASH,L,Principal Balance,PPSL ,S,EVRGRN
0,3343285.455,-38541515.45,N,THB,N,US,CASH,A,Principal Balance,PPSL ,T,FIXED
-38272.003,-5763.43,-14902.94,Y,CRC,N,US,CASH,A,Interest Income P&L,PPSL ,T,FIXED
3261.16,-25.37,-2829094.67,Y,INR,N,US,MULTI-LNS2,S,Interest Income P&L,PPSL ,T,FIXED
-1.8,0,2.83,N,USD,N,TW,OVDFT-LIAB,R,Principal Balance,PPSL ,S,EVRGRN
0,-11327.1,18.52,N,USD,N,BG,CASH,A,Principal Balance,C    ,T,EVRGRN
-64489.618,-67687.8,0,N,USD,N,GB,MULTI-LNS2,A,Principal Balance,PPSL ,T,EVRGRN
-10,0,0,Y,USD,N,DE,CASH,S,Principal Balance,C    ,T,FIXED
0,0,119885.67,Y,GBP,Y,MX,CASH,A,Principal Balance,C    ,T,EVRGRN
-1081.67,-5000,70085.7,N,CAD,N,GB,CASH,A,Interest Income P&L,C    ,T,FIXED
0,0,-25.37,Y,USD,N,BG,CASH,A,Principal Balance,C    ,G,FIXED
458743.32,0,-784.41,N,USD,N,MX,OVDFT-LIAB,A,Principal Balance,C    ,T,FIXED
249469.57,-4740.95,3641.15,Y,USD,N,HK,CASH,A,Principal Balance,C    ,S,FIXED
-442034603.9,4778.936,-2766.62,N,INR,N,US,MULTI-LNS2,A,Principal Balance,PPSL ,T,FIXED
-328.7,0,-168.18,N,USD,N,US,CASH,R,Accrued Interest Amount,PPSL ,T,EVRGRN
-72738.494,845.73,-7987.78,Y,USD,N,US,MULTI-LNS2,A,Principal Balance,ADJSL,T,FIXED
0,483.76,0,N,THB,N,HK,CASH,A,Principal Balance,PPSL ,T,FIXED
0,0,3641.15,N,GBP,N,US,CASH,R,Interest Income P&L,PPSL ,G,EVRGRN
-19.74,21512.54,-22.82,N,USD,N,AU,CASH,A,Principal Balance,PPSL ,T,EVRGRN
0,-1424.25,322684866.5,N,USD,N,MX,CASH,S,Principal Balance,C    ,G,FIXED
0,-5182840.53,-0.03,Y,ZAR,N,GB,MULTI-LNS2,S,Interest Income P&L,PPSL ,A,EVRGRN
0,0,612109.79,Y,USD,N,BS,CASH,S,Principal Balance,PPSL ,T,FIXED
-146952.513,0,0,Y,TWD,N,US,CASH,S,Account Sum of DB Transactions,FRM  ,T,EVRGRN
0,0,-352932.66,N,USD,Y,HK,MULTIPROD,A,Principal Balance,PPSL ,S,FIXED
1321885458,0,-9251.8,N,GBP,N,US,CASH,L,Principal Balance,C    ,T,FIXED
-72738.494,0,5003.71,N,USD,N,TH,MULTIPROD,A,Principal Balance,PPSL ,G,FIXED
2555.344,0,-67687.8,Y,USD,N,MX,CASH,R,Interest Income P&L,PPSL ,T,EVRGRN
0,6295.069,2500000,N,EUR,N,GB,CASH,A,Principal Balance,PPSL ,S,FIXED
0,-7987.78,-187545.35,Y,THB,N,LU,CASH,A,Principal Balance,PPSL ,T,FIXED
0,92332.46,-237667925.8,Y,USD,N,US,CASH,S,Principal Balance,C    ,T,FIXED
2555.344,0,0,Y,EUR,N,ID,CASH,A,Principal Balance,PPSL ,T,EVRGRN
250000000,-856.68,-845.73,N,USD,N,GB,CASH,A,Principal Balance,PPSL ,T,EVRGRN
0,0,-2100,N,USD,N,MX,CASH,A,Account Sum of DB Transactions,PPSL ,S,EVRGRN
1321885458,-5,-457073.19,N,USD,N,RU,CASH,A,Principal Balance,PPSL ,G,EVRGRN
0,0,0,N,GBP,N,US,CASH,L,Inventory Position Amount,C    ,T,FIXED
-10,-2248.81,1321885458,N,USD,N,HK,CASH,L,Accrued Interest Amount,C    ,S,EVRGRN
-135865.63,-123.52,0,Y,USD,N,US,CASH,A,Principal Balance,C    ,T,EVRGRN
0,0,0,N,VND,N,US,CASH,A,Principal Balance,C    ,T,FIXED
1622359.36,3501,-56841.29,N,SEK,N,US,CASH,A,Account Sum of DB Transactions,PPSL ,S,EVRGRN
286478.339,0,251812062.4,Y,USD,N,HK,CASH,A,Interest Income P&L,C    ,T,EVRGRN
6153.41,0,-784.41,Y,USD,N,LU,CASH,S,Commitments and Contingencies,PPSL ,S,FIXED
0,0,-1132.609,N,USD,N,US,CASH,R,Interest Income P&L,PPSL ,S,EVRGRN
-1181.024,3478.41,0,Y,USD,N,GB,MULTIPROD,R,Accrued Interest Amount,PPSL ,T,FIXED
-56723800,168238.27,-5108008,Y,USD,N,US,CASH,A,Principal Balance,PPSL ,G,EVRGRN
-0.037,-193.12,0,Y,USD,N,US,CASH,R,Principal Balance,PPSL ,A,FIXED
2530000,0,986486.54,N,USD,N,US,CASH,A,Interest Income P&L,PPSL ,T,FIXED
0,10000,-96762976.69,Y,USD,N,JE,CASH,A,Account Sum of CR Transactions,PPSL ,T,EVRGRN
0,0,-278.28,Y,USD,N,GB,CASH,S,Principal Balance,C    ,T,EVRGRN
3000000,0,6153.41,Y,USD,N,GB,CASH,A,Principal Balance,C    ,G,EVRGRN
-6562150254,-1216112.5,-823872429.4,Y,PLN,N,GB,CASH,A,Principal Balance,PPSL ,T,EVRGRN
0,0,4647,Y,PLN,N,US,MULTIPROD,A,Principal Balance,PPSL ,T,FIXED
0,82486342.58,35340.07,Y,EUR,N,RU,OVDFT-LIAB,A,Principal Balance,PPSL ,S,FIXED
6153.41,141120.06,23372620,Y,USD,N,LU,MULTI-LNS2,A,Interest Income P&L,C    ,G,EVRGRN
12.373,7987.78,5000000,N,AUD,N,TW,CASH,A,Principal Balance,PPSL ,T,EVRGRN
7749.859,30701773.58,-90739390.62,Y,USD,N,MX,CASH,A,Principal Balance,C    ,T,EVRGRN
4482.62,0,-86.4,N,USD,N,TH,CASH,A,Interest Income P&L,PPSL ,G,FIXED
0,1764612500,-216311427.4,Y,USD,N,GB,MULTI-LNS2,A,Principal Balance,PPSL ,T,FIXED
-1.8,0,-935600,Y,USD,N,US,CASH,A,Inventory Position Amount,PPSL ,S,EVRGRN
7988739.68,-90739390.62,-114.95,N,USD,N,LU,CASH,A,Principal Balance,PPSL ,T,EVRGRN
1990.31,-5,0,N,USD,N,HK,OVDFT-LIAB,A,Accrued Interest Amount,PPSL ,S,FIXED
0,0,0,Y,USD,N,US,OVDFT-LIAB,R,Principal Balance,PPSL ,T,EVRGRN
70085.7,2105476637,-39054,Y,USD,N,US,CASH,A,Principal Balance,C    ,A,EVRGRN
27233.18,-391300518.1,0,Y,USD,Y,GB,MULTIPROD,S,Principal Balance,ADJSL,A,FIXED
0,22235.94,0,Y,AUD,N,US,CASH,L,Principal Balance,PPSL ,T,EVRGRN
-20640.46,153242042.4,82486342.58,N,MYR,N,LU,CASH,A,Principal Balance,C    ,S,EVRGRN
-146952.513,-963.14,-61818.34,Y,USD,N,TH,OVDFT-LIAB,A,Account Sum of CR Transactions,PPSL ,T,EVRGRN
0,-457073.19,11418302.73,N,INR,N,US,CASH,S,Principal Balance,PPSL ,T,EVRGRN
2105476637,-322464511.9,256010065.3,Y,USD,N,MX,CASH,R,Account Sum of DB Transactions,C    ,T,EVRGRN
1821.7,-25.37,0,Y,USD,N,DE,MULTIPROD,L,Interest Income P&L,C    ,A,EVRGRN
1371479.58,119885.67,0,N,INR,N,US,OVDFT-LIAB,A,Transfer Pricing P&L,PPSL ,S,EVRGRN
-190.01,0,1570.83,N,USD,Y,US,CASH,A,Inventory Position Amount,PPSL ,A,FIXED
3000000,137076.37,0,Y,USD,N,GB,CASH,A,Account Sum of DB Transactions,C    ,S,FIXED
30087561,22010282.05,0,N,USD,N,IN,MULTIPROD,S,Principal Balance,C    ,T,FIXED
0,3311704.644,-27500.5,Y,USD,N,DE,CASH,S,Commitments and Contingencies,PPSL ,T,FIXED
281397.6,-9251.8,0,Y,USD,N,GB,MULTI-LNS2,A,Principal Balance,PPSL ,T,FIXED
31805.72,-12777016.68,-1216112.5,Y,USD,N,US,CASH,R,Accrued Interest Amount,PPSL ,T,EVRGRN
-2829094.67,0,-36522,Y,ZAR,N,US,MULTI-LNS2,A,Accrued Interest Amount,C    ,T,FIXED
-2100,153242042.4,0,N,USD,N,TH,CASH,S,Accrued Interest Amount,C    ,T,EVRGRN
0,-17272.05,-2.83,N,USD,N,US,CASH,A,Accrued Interest Amount,PPSL ,S,FIXED
0,0,145839433.3,N,USD,N,HK,CASH,A,Principal Balance,PPSL ,T,FIXED
695,0,-25.37,N,CHF,N,LK,CASH,A,Principal Balance,C    ,T,FIXED
1119436.84,-25.76,2.17,Y,USD,N,HK,CASH,A,Principal Balance,PPSL ,A,EVRGRN
186161361.9,423297,4647,N,USD,N,GB,MULTI-LNS2,S,Interest Income P&L,C    ,S,EVRGRN
-8782.457,0,7180184.9,Y,TWD,N,US,CASH,A,Principal Balance,C    ,A,FIXED
0,11338.608,0,N,USD,N,GB,CASH,R,Principal Balance,C    ,G,FIXED
219668.97,0,683998.39,N,MXN,N,GB,MULTIPROD,A,Interest Income P&L,PPSL ,G,EVRGRN
0,555690065.2,-14773.05,N,TWD,N,GB,MULTIPROD,A,Account Sum of CR Transactions,C    ,T,FIXED
3508.71,0,0,Y,RUB,N,HK,CASH,S,Account Sum of CR Transactions,PPSL ,T,EVRGRN
-1629898.227,-135026,0,N,INR,N,US,MULTIPROD,A,Account Sum of DB Transactions,C    ,G,EVRGRN
151022.87,-672959017.4,11447.2,N,INR,N,GB,MULTI-LNS2,A,Inventory Position Amount,C    ,S,EVRGRN
0,-1088.46,-850598071.9,N,USD,N,AU,MULTIPROD,A,Interest Income P&L,C    ,T,EVRGRN
-90739390.62,0,0,N,USD,N,US,MULTIPROD,S,Commitments and Contingencies,PPSL ,G,FIXED
0,12717918.38,-322464511.9,Y,USD,N,US,MULTI-LNS2,A,Principal Balance,PPSL ,T,FIXED
1557.04,0,-90739390.62,Y,USD,N,HK,CASH,R,Principal Balance,C    ,S,EVRGRN
0,4778.936,137076.37,N,USD,N,US,CASH,S,Principal Balance,C    ,T,EVRGRN
0,92332.46,1321885458,Y,USD,N,US,CASH,R,Principal Balance,C    ,G,FIXED
0,612109.79,149106.28,N,GBP,N,HK,MULTI-LNS2,A,Interest Income P&L,FRM  ,T,EVRGRN
0,3508.71,-462049411.6,N,USD,N,TN,CASH,A,Principal Balance,PPSL ,T,EVRGRN
-638.28,3261.16,0,Y,EUR,N,GB,CASH,S,Principal Balance,C    ,G,FIXED
0,0,986486.54,N,USD,N,HK,OVDFT-LIAB,A,Principal Balance,C    ,G,EVRGRN
0,0,119885.67,Y,USD,Y,GB,CASH,S,Principal Balance,PPSL ,A,FIXED
-6505.929,0,-25.76,Y,USD,N,US,CASH,A,Principal Balance,C    ,T,EVRGRN
-64489.618,-2263.42,133701149.8,Y,PLN,N,US,MULTIPROD,A,Accrued Interest Amount,C    ,T,EVRGRN
10000,-3343285.455,-638.28,Y,USD,N,GA,CASH,L,Accrued Interest Amount,C    ,T,EVRGRN
0,-74746.38,0,Y,USD,N,US,CASH,A,Principal Balance,C    ,T,FIXED
2330.891,0,0,Y,RUB,N,IN,MULTI-LNS2,L,Accrued Interest Amount,PPSL ,S,EVRGRN
149106.28,-3747.61,1174779.9,N,CAD,N,GB,CASH,S,Principal Balance,C    ,T,FIXED
-1741.205,0,0,Y,USD,N,US,MULTIPROD,A,Principal Balance,PPSL ,T,FIXED
-1747368651,0,-856.68,Y,USD,N,US,CASH,R,Interest Income P&L,PPSL ,T,FIXED
-913.75,-4671.88,-5,Y,USD,N,CN,MULTIPROD,A,Principal Balance,C    ,G,FIXED
0,-7987.78,-20640.46,Y,USD,N,US,MULTIPROD,A,Principal Balance,PPSL ,G,EVRGRN
0,-3747.61,0,N,GBP,N,US,OVDFT-LIAB,A,Inventory Position Amount,C    ,T,EVRGRN
3000000,-391300518.1,0,Y,MXN,N,US,CASH,A,Principal Balance,PPSL ,G,FIXED
0,6153.41,-2766.62,N,USD,N,HK,CASH,R,Principal Balance,PPSL ,T,FIXED
-456460482.8,-1.8,4647,Y,USD,N,US,CASH,A,Accrued Interest Amount,C    ,G,EVRGRN
0,-20640.46,0,Y,USD,N,FR,OVDFT-LIAB,A,Accrued Interest Amount,C    ,A,EVRGRN
-2656.06,0,0,Y,USD,N,ZM,CASH,L,Principal Balance,PPSL ,G,EVRGRN
-0.037,92332.46,0,Y,GBP,N,DE,CASH,S,Principal Balance,PPSL ,T,EVRGRN
555690065.2,82486342.58,0,Y,USD,N,LU,CASH,A,Principal Balance,C    ,S,FIXED
0,-1664.98,154954606.7,Y,USD,N,GB,CASH,A,Principal Balance,C    ,T,EVRGRN
-1821.7,-124610.01,0,Y,USD,N,GB,OVDFT-LIAB,S,Principal Balance,PPSL ,G,EVRGRN
0,4778.936,0,Y,USD,N,LU,CASH,A,Principal Balance,PPSL ,T,EVRGRN
5052696.114,-2306739.76,3.28,N,USD,N,US,MULTIPROD,A,Accrued Interest Amount,C    ,T,EVRGRN
-157.17,3941850,0,Y,MYR,N,US,CASH,L,Interest Income P&L,C    ,T,EVRGRN
-38272.003,-56841.29,0,Y,EUR,N,US,MULTI-LNS2,A,Inventory Position Amount,PPSL ,A,FIXED
0,-744803.29,403071,N,USD,N,IN,CASH,S,Principal Balance,PPSL ,T,EVRGRN
0,0,141120.06,Y,GBP,N,MX,MULTIPROD,A,Principal Balance,PPSL ,S,EVRGRN
-2248.81,0,549430.04,Y,USD,N,GB,CASH,A,Interest Income P&L,PPSL ,G,FIXED
0,119885.67,-152.34,Y,USD,Y,HK,CASH,A,Principal Balance,C    ,T,FIXED
0,695,0,N,USD,N,US,MULTIPROD,A,Interest Income P&L,C    ,T,EVRGRN
0,367920,238514368.8,N,USD,N,GB,CASH,L,Principal Balance,C    ,S,FIXED
75243.077,-0.46,2054.12,Y,GBP,N,US,CASH,A,Principal Balance,C    ,G,FIXED
65.716,0,0,N,TRY,N,SG,CASH,A,Accrued Interest Amount,PPSL ,T,EVRGRN
0,0,5003.71,Y,USD,N,GB,CASH,L,Accrued Interest Amount,PPSL ,G,FIXED
-462049411.6,-96762976.69,0.76,Y,BRL,N,IN,CASH,S,Principal Balance,PPSL ,G,EVRGRN
22235.94,423297,-913.75,N,USD,N,BS,CASH,S,Interest IENC-Due,PPSL ,G,EVRGRN
0,0,0,Y,THB,N,HK,CASH,R,Interest Income P&L,PPSL ,G,EVRGRN
69817.04,2.17,3056.42,Y,USD,N,VN,MULTI-LNS2,A,Interest Income P&L,PPSL ,G,EVRGRN
35340.07,-3663.64,458743.32,N,USD,N,KE,CASH,A,Principal Balance,C    ,T,EVRGRN
110.342,153242042.4,0,Y,USD,N,US,CASH,R,Account Sum of DB Transactions,PPSL ,T,FIXED
-13958.976,100149.318,133701149.8,Y,CAD,N,US,OVDFT-LIAB,A,Principal Balance,C    ,T,EVRGRN
0.01,-11327.1,0,Y,USD,N,US,MULTI-LNS2,A,Interest Income P&L,C    ,T,EVRGRN
0,3311704.644,-856.68,N,USD,N,LU,MULTI-LNS2,R,Principal Balance,PPSL ,G,FIXED
-9566.67069,0,251812062.4,Y,INR,N,US,CASH,A,Letter of Credit-Issued,PPSL ,T,FIXED
0,10.12,0,Y,THB,N,HK,MULTIPROD,A,Principal Balance,PPSL ,T,EVRGRN
-155009.52,1764612500,-155009.52,N,USD,N,US,CASH,L,GENESIS DEFAULT,C    ,T,EVRGRN
-39792,149106.28,186161361.9,Y,USD,N,KE,CASH,A,Accrued Interest Amount,PPSL ,T,EVRGRN
581.951,27233.18,11418302.73,Y,TRY,N,MX,CASH,A,Forward Dated Assets - Buy,PPSL ,T,EVRGRN
-391300518.1,0,-155009.52,N,MXN,N,TW,CASH,A,Inventory Position Amount,PPSL ,T,EVRGRN
281397.6,0,0,Y,USD,N,US,OVDFT-LIAB,A,Principal Balance,PPSL ,T,FIXED
-0.004,0,0,N,USD,N,VN,CASH,A,Forward Dated Assets - Buy,C    ,S,EVRGRN
1629898.227,-124610.01,0,Y,USD,N,GB,CASH,A,Principal Balance,C    ,S,FIXED
0,0,0,N,ZAR,N,GB,MULTIPROD,A,Principal Balance,PPSL ,T,EVRGRN
0,-5,3668926.73,Y,TWD,N,US,CASH,R,Since Inception-Interest Accrue,PPSL ,G,EVRGRN
-0.46,0,119885.67,Y,AUD,N,GB,CASH,A,MTD Avg Principal Balance CR,PPSL ,G,EVRGRN
0,0,0,Y,CAD,N,US,CASH,A,Treasury Trn Px PL - Funding Exp,PPSL ,T,EVRGRN
1013790.99,-3529.05,1448441.74,Y,ZAR,N,LU,MULTIPROD,A,Principal Balance,C    ,T,FIXED
69817.04,0,-462049411.6,N,USD,N,SG,CASH,A,Principal Balance,C    ,T,FIXED
0,-75.79,-168.18,N,USD,N,US,CASH,A,Principal Balance,PPSL ,G,FIXED
0,0,27233.18,N,USD,Y,CA,CASH,R,Principal Balance,PPSL ,T,FIXED
3.074,0,986486.54,N,THB,N,GB,CASH,S,Inventory Position Amount,C    ,S,EVRGRN
-7377401.284,16184.21,0,N,USD,N,PH,CASH,A,Principal Balance,PPSL ,T,EVRGRN
0.043,0,304988.9995,N,JPY,N,NL,MULTIPROD,S,Principal Balance,C    ,T,EVRGRN
-10,-1.8,92332.46,N,USD,N,SG,CASH,S,Principal Balance,C    ,T,EVRGRN
0,0,0,N,USD,N,GB,OVDFT-LIAB,A,Account Sum of CR Transactions,C    ,T,EVRGRN
2555.344,-19.74,0,N,USD,N,US,MULTI-LNS2,R,Accrued Interest Amount,C    ,T,FIXED
-155793.4778,-294603,180180,Y,MYR,Y,LU,MULTI-LNS2,A,Inventory Position Amount,PPSL ,S,EVRGRN
-33013209.9,0,0,Y,RUB,N,US,CASH,S,Principal Balance,PPSL ,T,EVRGRN
-92020.266,-216311427.4,0,Y,USD,N,US,MULTIPROD,A,Accrued Interest Amount,C    ,S,FIXED
2539718.516,-86.59,-12454.54,N,RUB,N,US,CASH,A,Principal Balance,PPSL ,T,EVRGRN
-1570.83,0,575724.75,N,PLN,N,LU,MULTIPROD,R,Principal Balance,PPSL ,T,EVRGRN
147591.248,3508.71,549430.04,Y,SGD,N,CA,MULTI-LNS2,A,Principal Balance,C    ,S,FIXED
0,0,683998.39,N,INR,N,HK,CASH,S,Inventory Position Amount,C    ,G,EVRGRN
1906243.01,-155009.52,-442034603.9,Y,INR,N,CA,MULTI-LNS2,A,Principal Balance,PPSL ,A,FIXED
0,0,0,Y,THB,N,GB,MULTIPROD,R,Principal Balance,C    ,G,FIXED
141120.06,-3311704.644,-1088.46,Y,USD,N,US,CASH,A,Principal Balance,PPSL ,T,EVRGRN
786.59,23481681112,-913.75,N,USD,N,HK,MULTIPROD,R,Interest Income P&L,PPSL ,G,EVRGRN
149106.28,-1478.59,-23023.32,Y,ZAR,N,US,CASH,A,Commitments and Contingencies,C    ,T,FIXED
13000000,651.62,0,N,USD,N,US,MULTI-LNS2,A,Principal Balance,C    ,T,EVRGRN
0,6153.41,-135026,Y,CAD,N,US,MULTI-LNS2,S,GENESIS DEFAULT,PPSL ,G,EVRGRN
0,0,0,Y,USD,N,LU,CASH,A,Principal Balance,PPSL ,A,FIXED
7987.78,0,-31.55,N,USD,N,DE,CASH,A,Principal Balance,PPSL ,T,EVRGRN
0,423297,-187545.35,Y,BRL,N,GB,MULTI-LNS2,A,Principal Balance,C    ,S,FIXED
-19.74,0,0,Y,CZK,N,US,CASH,A,Principal Balance,C    ,T,EVRGRN
-55725541.5,168238.27,16184.21,Y,MXN,N,GB,CASH,R,Accrued Interest Amount,PPSL ,T,FIXED
7538.867,0,-5108008,N,AUD,N,AU,CASH,R,Principal Balance,C    ,T,EVRGRN
0,0,-190.01,Y,USD,N,MX,CASH,A,Principal Balance,C    ,T,FIXED
-29765.888,-157.17,18.52,N,USD,N,TH,CASH,R,Accrued Interest Amount,C    ,G,FIXED
-1.8,0,92332.46,N,USD,N,LU,CASH,A,Inventory Position Amount,PPSL ,S,FIXED
27233.18,249469.57,-3747.61,Y,USD,N,IN,CASH,A,Interest Income P&L,C    ,T,EVRGRN
0,-2.47,49780.61,N,USD,N,JE,CASH,S,Interest Income P&L,C    ,S,FIXED
651.62,423297,0,Y,USD,N,US,MULTI-LNS2,S,Accrued Interest Amount,PPSL ,S,FIXED
0,786.59,75250,Y,USD,N,GB,MULTI-LNS2,L,Principal Balance,C    ,G,FIXED
0,0,-426.1,N,USD,N,US,CASH,A,Commitments and Contingencies,C    ,S,FIXED
391300518.1,0,-0.04,N,USD,N,US,MULTI-LNS2,A,Inventory Position Amount,PPSL ,T,EVRGRN
0,-2829094.67,-197479155.8,Y,EUR,N,LK,MULTI-LNS2,A,Account Sum of CR Transactions,PPSL ,T,EVRGRN
0,255.73,-634.86,Y,EGP,N,IE,MULTIPROD,R,Principal Balance,PPSL ,T,EVRGRN
0,487680.45,-153040.56,Y,USD,N,GB,OVDFT-LIAB,A,Principal Balance,C    ,S,EVRGRN
0,69817.04,-61818.34,N,INR,N,US,MULTI-LNS2,A,Accrued Interest Amount,PPSL ,T,FIXED
103095.5,0,-744803.29,Y,CNY,N,GB,CASH,S,MTD Avg Principal Balance DB,PPSL ,S,EVRGRN
-216311427.4,0,31805.72,N,USD,N,US,CASH,A,Accrued Interest Amount,C    ,T,EVRGRN
0,7904438.36,-5108008,Y,USD,N,US,CASH,R,Principal Balance,PPSL ,S,EVRGRN
273.78,-22408.16,0,Y,INR,N,GA,MULTIPROD,L,Principal Balance,C    ,T,EVRGRN
-784.41,-237667925.8,0,Y,ZAR,N,US,MULTIPROD,R,Accrued Interest Amount,C    ,S,FIXED
-2248.81,-352932.66,1174779.9,N,USD,N,RU,CASH,A,Letter of Credit-Issued,C    ,T,FIXED
0,0,-16.04,Y,USD,N,SG,MULTIPROD,S,Interest Income P&L,C    ,G,FIXED
-634.86,0,22010282.05,Y,USD,N,ZM,CASH,A,Principal Balance,PPSL ,S,EVRGRN
0,0,0,Y,DKK,Y,SG,CASH,S,Principal Balance,PPSL ,G,EVRGRN
-9251.8,11418302.73,0,Y,USD,N,GB,CASH,S,Principal Balance,C    ,T,EVRGRN
-6544.459,-130.66,0,N,USD,N,MX,CASH,A,Interest Income P&L,C    ,T,EVRGRN
35340.07,30087561,0,Y,USD,N,US,CASH,A,Principal Balance,C    ,S,EVRGRN
153242042.4,-3663.64,-22024362.51,N,USD,Y,HK,MULTIPROD,A,Interest Income P&L,PPSL ,T,FIXED
-90739390.62,0,-1081.67,Y,MAD,N,US,CASH,A,Accrued Interest Amount,C    ,T,FIXED
0,139728.76,13000000,N,USD,N,UA,CASH,A,Principal Balance,PPSL ,S,EVRGRN
1821.7,-135865.63,0,Y,INR,N,US,CASH,A,GENESIS DEFAULT,C    ,T,EVRGRN
0,12777016.68,0,Y,USD,N,JE,CASH,A,Principal Balance,C    ,T,EVRGRN
-3944114.86,23481681112,612109.79,N,USD,N,GB,CASH,A,Account Sum of DB Transactions,C    ,T,FIXED
-5836.587,391300518.1,-0.46,Y,USD,N,US,CASH,A,Principal Balance,PPSL ,T,FIXED
-31.55,403071,0,N,NZD,N,HK,CASH,S,Commitments and Contingencies,C    ,T,FIXED
695,0,0,Y,USD,N,DE,CASH,R,Principal Balance,C    ,T,FIXED
-1629898.227,0,-950447.13,Y,CHF,N,US,CASH,A,Accrued Interest Amount,C    ,G,EVRGRN
-2.89572,-744803.29,-462049411.6,Y,USD,N,US,CASH,A,Account Sum of DB Transactions,PPSL ,T,EVRGRN
-3747.61,-682.656,0,N,USD,N,TH,MULTI-LNS2,L,Principal Balance,PPSL ,T,EVRGRN
5003.71,-119366.837,-201369.86,Y,USD,N,SG,CASH,R,Principal Balance,C    ,S,EVRGRN
2330.891,5568620,-50936704,N,USD,N,US,MULTI-LNS2,A,Principal Balance,PPSL ,T,EVRGRN
-1613.69,180180,1210940,Y,USD,N,US,MULTIPROD,A,Account Sum of DB Transactions,C    ,G,FIXED
0,-193.12,322684866.5,Y,CNY,N,HK,CASH,A,Accrued Interest Amount,C    ,S,EVRGRN
3668926.73,121246.04,0,Y,USD,N,GB,MULTIPROD,S,Account Sum of DB Transactions,C    ,G,FIXED
-6544.459,-5182840.53,0,N,BRL,N,GB,CASH,A,Account Sum of DB Transactions,PPSL ,T,EVRGRN
6153.41,88626.71,0,N,USD,N,GB,CASH,A,Commitments and Contingencies,PPSL ,T,FIXED
-22408.16,0.05,0,N,USD,N,US,MULTIPROD,A,Inventory Position Amount,C    ,T,FIXED
0,-12777016.68,251812062.4,Y,CAD,N,US,CASH,A,Accrued Interest Amount,PPSL ,T,FIXED
-20640.46,-55725541.5,-2.83,N,INR,N,US,MULTIPROD,A,Interest Income P&L,PPSL ,T,EVRGRN
879695.981,0,2856.73,N,EUR,N,US,CASH,A,Principal Balance,PPSL ,S,EVRGRN
367920,0,13000000,Y,TRY,N,DE,MULTI-LNS2,S,Accrued Interest Amount,C    ,T,EVRGRN
-1741.205,70085.7,265295.92,Y,RUB,N,US,CASH,A,Interest Income P&L,C    ,G,FIXED
-3.046,-27312500,4271.56,Y,USD,N,GB,MULTI-LNS2,A,Account Sum of DB Transactions,PPSL ,S,EVRGRN
0,845.73,-860.06,Y,USD,N,US,CASH,R,Inventory Position Amount,C    ,T,EVRGRN
0,0,154954606.7,Y,USD,N,LK,CASH,L,Interest Income P&L,C    ,T,EVRGRN
0,0,0,Y,JPY,N,GB,CASH,A,Commitments and Contingencies,C    ,T,EVRGRN
-1216112.5,-352932.66,-8291865,Y,USD,N,US,MULTI-LNS2,A,Principal Balance,PPSL ,T,EVRGRN
92332.46,-6544.459,0,Y,USD,N,GB,MULTI-LNS2,A,Principal Balance,C    ,T,EVRGRN
-2656.06,1893.34,186161361.9,N,USD,N,US,CASH,A,Account Sum of DB Transactions,C    ,S,FIXED
7680229.309,0,0,Y,KRW,N,US,CASH,A,Account Sum of DB Transactions,C    ,T,FIXED
23372620,38633.76,0,N,USD,N,US,CASH,A,Interest Income P&L,PPSL ,T,FIXED
0,-28142.89,-22408.16,N,TWD,N,US,CASH,S,Principal Balance,PPSL ,T,FIXED
-744803.29,-2.47,0,Y,USD,N,GB,MULTIPROD,A,Inventory Position Amount,PPSL ,T,FIXED
986486.54,-5182840.53,-1088.46,N,MYR,N,HK,CASH,A,Interest IENC-Not Due,PPSL ,G,EVRGRN
145839433.3,0,-33288.57,Y,GBP,N,DE,CASH,A,Principal Balance,C    ,T,EVRGRN
180180,11338.608,-4652.62,N,TWD,N,VN,OVDFT-LIAB,S,Interest Income P&L,PPSL ,T,EVRGRN
0,-570.08,0,N,USD,N,HK,CASH,R,Principal Balance,C    ,T,FIXED
23372620,-744803.29,0,N,USD,N,DE,CASH,A,Principal Balance,PPSL ,S,FIXED
-7377401.284,3.28,3128688697,N,EUR,N,US,OVDFT-LIAB,A,Interest Income P&L,PPSL ,G,EVRGRN
0,-58.96,0,Y,GBP,N,GB,CASH,R,Accrued Interest Amount,C    ,T,EVRGRN
-36058.063,0,612109.79,N,USD,N,US,MULTI-LNS2,R,Principal Balance,C    ,G,EVRGRN
0,-197479155.8,-5,N,ZAR,N,AU,CASH,A,Principal Balance,C    ,T,EVRGRN
1622359.36,0,-23023.32,Y,USD,N,US,MULTI-LNS2,A,Principal Balance,C    ,S,FIXED
-8.65,4099.484,103095.5,Y,USD,N,VN,CASH,L,Principal Balance,C    ,T,EVRGRN
-22235.94,0,-187545.35,Y,USD,N,MX,MULTI-LNS2,S,Interest Income P&L,C    ,T,FIXED
0,0,-17791666.67,Y,USD,N,MX,CASH,A,Account Sum of DB Transactions,PPSL ,G,EVRGRN
105555000,2.497,-1164285.89,Y,INR,N,GB,MULTI-LNS2,A,Principal Balance,C    ,T,FIXED
-216845.69,-186615.52,-22.82,Y,USD,N,GB,MULTI-LNS2,R,Principal Balance,PPSL ,T,EVRGRN
-146952.513,251812062.4,0,N,USD,N,ID,CASH,A,Principal Balance,PPSL ,G,FIXED
123293.825,-351512728.1,-322464511.9,Y,USD,N,US,MULTI-LNS2,A,Account Sum of DB Transactions,C    ,T,EVRGRN
2528.827,0,0,N,THB,N,TW,OVDFT-LIAB,S,Account Sum of DB Transactions,PPSL ,T,EVRGRN
0,2.17,-1164285.89,N,USD,N,RU,CASH,R,Principal Balance,PPSL ,T,FIXED
1622359.36,0,0,Y,PLN,N,MX,CASH,R,Account Sum of DB Transactions,PPSL ,A,FIXED
322684866.5,322684866.5,-2395579.55,Y,CZK,N,DE,CASH,A,Principal Balance,C    ,S,EVRGRN
0,-146.17,3056.42,Y,USD,N,GB,OVDFT-LIAB,R,Account Sum of DB Transactions,PPSL ,T,FIXED
0,-157.17,-5992284.68,Y,USD,N,US,CASH,S,Inventory Position Amount,C    ,T,FIXED
0,-567.08,5541.85,Y,TWD,N,MX,CASH,R,Principal Balance,PPSL ,T,FIXED
-634.86,-8291865,3.28,Y,USD,N,MX,MULTIPROD,L,Commitments and Contingencies,PPSL ,G,FIXED
-3747.61,-13575.09,-168.18,Y,EUR,N,US,CASH,S,Principal Balance,PPSL ,G,FIXED
-457073.19,0,-3944114.86,Y,USD,N,HK,OVDFT-LIAB,A,Principal Balance,C    ,T,EVRGRN
-462049411.6,-135865.63,0,Y,USD,N,US,CASH,R,Accrued Interest Amount,PPSL ,T,FIXED
13958.96,575724.75,-280000000,Y,USD,N,US,CASH,A,Accrued Interest Amount,PPSL ,T,EVRGRN
-1081.67,-351512728.1,-13958.96,Y,PLN,N,US,CASH,R,Principal Balance,PPSL ,T,EVRGRN
0,-2289159097,0,N,CAD,N,LK,CASH,R,Principal Balance,C    ,T,FIXED
0,0.035,1210940,N,GBP,N,FR,CASH,A,Principal Balance,C    ,G,EVRGRN
-0.004,145839433.3,-9566.67,N,USD,N,GB,MULTI-LNS2,A,Principal Balance,C    ,G,FIXED
0,-67687.8,0,N,USD,N,IN,CASH,A,Interest Income P&L,PPSL ,T,FIXED
0,-7377401.284,0,Y,USD,N,AU,MULTIPROD,R,Principal Balance,PPSL ,T,FIXED
82486342.58,0,-2248.81,N,INR,Y,US,CASH,A,Principal Balance,C    ,T,FIXED
786.59,-130.66,0,N,USD,N,US,CASH,A,Principal Balance,PPSL ,T,EVRGRN
-1326.403,0,-39054,Y,USD,N,LU,MULTI-LNS2,A,Principal Balance,PPSL ,T,EVRGRN
-55725541.5,0,-13575.09,N,JPY,N,US,OVDFT-LIAB,R,Principal Balance,C    ,T,EVRGRN
34374455.5,-7377401.284,186161361.9,Y,USD,N,GB,MULTI-LNS2,L,Accrued Interest Amount,C    ,T,FIXED
-7248835.312,10032.99,0,Y,CZK,N,US,CASH,R,Principal Balance,C    ,G,EVRGRN
0,-39054,-1088.46,N,USD,N,GB,CASH,A,Accrued Interest Amount,PPSL ,T,FIXED
30087561,0,0,N,THB,N,TN,MULTI-LNS2,S,Principal Balance,PPSL ,T,FIXED
367920,-965.91,1210940,Y,USD,N,SG,OVDFT-LIAB,S,Principal Balance,PPSL ,T,EVRGRN
-187545.35,2500000,3668926.73,Y,GBP,N,US,CASH,A,Since Inception-Interest Accrue,C    ,T,FIXED
-22235.94,-11327.1,281397.6,Y,USD,N,US,CASH,A,Principal Balance,PPSL ,T,EVRGRN
634.86,-0.45,27233.18,N,USD,N,TH,CASH,S,Principal Balance,C    ,G,FIXED
-263818909.9,0,0,Y,USD,N,CR,MULTI-LNS2,A,Principal Balance,PPSL ,G,FIXED
149106.28,280000000,0,N,USD,N,RU,CASH,A,GENESIS DEFAULT,PPSL ,T,FIXED
0,0,2856.73,N,USD,N,US,CASH,R,Accrued Interest Amount,C    ,T,EVRGRN
-697.039,-6544.459,-360303.95,Y,USD,N,US,CASH,S,GENESIS DEFAULT,C    ,T,EVRGRN
1906243.01,-38541515.45,141120.06,Y,USD,N,TN,CASH,A,Principal Balance,C    ,S,FIXED
-4671.88,1392380,-456460482.8,N,USD,N,GB,CASH,A,Interest Income P&L,PPSL ,T,FIXED
-72.091,0,-135865.63,Y,USD,N,ZM,CASH,R,Principal Balance,C    ,T,EVRGRN
-1648.16651,-638.28,-91063.37,N,USD,N,HK,MULTIPROD,A,Principal Balance,PPSL ,A,FIXED
0,0,-1740.91,N,USD,N,US,MULTIPROD,A,Principal Balance,PPSL ,T,FIXED
0,151022.87,-913.75,Y,EUR,N,AU,CASH,A,Principal Balance,C    ,T,EVRGRN
0,-146.17,40.45,Y,USD,N,US,CASH,A,Interest IENC-Due,PPSL ,T,EVRGRN
786.59,-351512728.1,0,Y,THB,N,US,CASH,S,Account Sum of DB Transactions,C    ,T,FIXED
110.342,-2248.81,-1214920,N,BRL,N,MX,MULTIPROD,S,Inventory Position Amount,C    ,T,FIXED
-856.68,0,-2656.06,N,GBP,N,ZM,CASH,A,Principal Balance,C    ,A,FIXED
-2829094.67,0,0,N,INR,N,HK,CASH,A,GENESIS DEFAULT,C    ,T,FIXED
30087561,-12995.71,-91063.37,Y,USD,Y,GB,MULTIPROD,A,Accrued Interest Amount,PPSL ,T,EVRGRN
-351512728.1,-67.84,0,Y,CAD,N,US,MULTI-LNS2,A,Principal Balance,C    ,T,FIXED
-3259.39362,0,-567.08,N,CNY,N,GB,OVDFT-LIAB,R,Accrued Interest Amount,PPSL ,T,FIXED
0,10.12,17482.86,Y,JPY,N,SG,CASH,A,Principal Balance,C    ,T,FIXED
1471905.06,-6370805.93,487680.45,N,USD,N,MX,CASH,A,Principal Balance,PPSL ,T,FIXED
-1326.403,-3343285.455,0,N,CNY,N,GB,OVDFT-LIAB,A,Principal Balance,C    ,T,FIXED
-64489.618,0,-860.06,N,CAD,N,IN,CASH,R,Accrued Interest Amount,PPSL ,G,EVRGRN
-1885.4501,3000000,0,N,USD,N,HK,CASH,R,Accrued Interest Amount,C    ,T,EVRGRN
168522.98,0,0,Y,GBP,N,US,MULTI-LNS2,A,Principal Balance,PPSL ,T,EVRGRN
0,-344.87,149266,Y,THB,N,ID,CASH,A,Accrued Interest Amount,PPSL ,T,EVRGRN
-91063.37,1471905.06,0,N,USD,N,US,CASH,S,Principal Balance,PPSL ,T,FIXED
1629898.227,-9.99,423297,N,USD,Y,IE,MULTIPROD,A,Principal Balance,PPSL ,S,EVRGRN
1056990.062,31805.72,1570.83,N,USD,N,HK,MULTIPROD,A,Interest Income P&L,C    ,T,FIXED
-1821.7,3343285.455,0,Y,EUR,N,MX,CASH,A,Trans Notional Recvable (FS),C    ,G,FIXED
483.76,0,403071,N,DKK,N,IN,CASH,A,Principal Balance,C    ,G,FIXED
141120.06,0,-963.14,N,USD,N,GB,CASH,A,Interest Income P&L,C    ,T,EVRGRN
1629898.227,0,-294603,Y,NZD,N,US,CASH,S,Account Sum of CR Transactions,C    ,T,EVRGRN
-216311427.4,0,-1214920,Y,USD,N,US,CASH,A,Principal Balance,PPSL ,T,EVRGRN
-193.12,0,-2395579.55,Y,TWD,N,TH,CASH,R,Inventory Position Amount,PPSL ,T,FIXED
-12.143,2482.674,-201369.86,N,EUR,N,US,CASH,R,Principal Balance,C    ,T,EVRGRN
12351.614,22010282.05,-130.66,Y,USD,N,US,MULTI-LNS2,L,Principal Balance,C    ,T,EVRGRN
0,-96762976.69,-1648.65,N,USD,N,US,MULTI-LNS2,A,Account Sum of DB Transactions,PPSL ,G,EVRGRN
-124610.01,1371479.58,0,N,USD,N,US,CASH,A,Interest Income P&L,C    ,S,EVRGRN
0,-134.391,1557.04,N,TWD,N,IE,CASH,A,Principal Balance,C    ,T,FIXED
0,634.86,-5992284.68,N,USD,N,US,MULTI-LNS2,A,Interest Income P&L,PPSL ,S,EVRGRN
6153.41,0,458743.32,N,USD,N,SG,CASH,R,Account Sum of DB Transactions,PPSL ,S,FIXED
0,-4778.936,0,N,USD,N,LU,CASH,R,Inventory Position Amount,PPSL ,A,EVRGRN
-216845.69,0,60.58,Y,NZD,N,LU,CASH,R,Overdue Penalty Interest,PPSL ,T,EVRGRN
-252900.612,-456460482.8,-784.41,Y,USD,N,US,CASH,A,Trans Notional Payable (FS),PPSL ,A,FIXED
-634.86,1013790.99,-22408.16,Y,USD,N,GB,CASH,S,Principal Balance,PPSL ,T,EVRGRN
0,0,0,N,USD,N,IN,CASH,R,Principal Balance,PPSL ,T,EVRGRN
92332.46,0,0,N,USD,Y,US,OVDFT-LIAB,R,Letter of Credit-Issued,FRM  ,G,FIXED
